Title,Link,Unique_ID
Looking for a Laptop for my sister,https://www.reddit.com/r/SuggestALaptop/comments/1pzm3mt/looking_for_a_laptop_for_my_sister/,d1a04d2e0689
"Looking for Data Science Laptop: All-Metal, 90+Wh Battery, 64GB Upgradeable (Core Ultra 7)",https://www.reddit.com/r/SuggestALaptop/comments/1pzjmso/looking_for_data_science_laptop_allmetal_90wh/,a5938b584af3
Laptop for Uni use only,https://www.reddit.com/r/SuggestALaptop/comments/1pzf0eq/laptop_for_uni_use_only/,ad45a4416091
Best for students?,https://www.reddit.com/r/SuggestALaptop/comments/1pzjact/best_for_students/,2fad0e594807
Need a budget machine ready to handle a fair amount and last a while.,https://www.reddit.com/r/SuggestALaptop/comments/1pzcg78/need_a_budget_machine_ready_to_handle_a_fair/,f4caaf7cc141
Need a Laptop for Travel. Willing to make concessions on performance moreso than price.,https://www.reddit.com/r/SuggestALaptop/comments/1pz9mb6/need_a_laptop_for_travel_willing_to_make/,4228dd15659f
Looking for an upgrade laptop,https://www.reddit.com/r/SuggestALaptop/comments/1pzex8m/looking_for_an_upgrade_laptop/,48b73d99c96c
Teen saved up for a laptop - help me help her :),https://www.reddit.com/r/SuggestALaptop/comments/1pyuqzw/teen_saved_up_for_a_laptop_help_me_help_her/,980b990b67d0
Laptop for school and light gaming,https://www.reddit.com/r/SuggestALaptop/comments/1pzbi7v/laptop_for_school_and_light_gaming/,9ef7ff5b9393
looking for decent laptop / US / max $1.5k,https://www.reddit.com/r/SuggestALaptop/comments/1pz6jd8/looking_for_decent_laptop_us_max_15k/,72b22845105f
"Please suggest a laptop for me! Minimum 16gb ram, 14-15 inch. Good battery life! (Canada)",https://www.reddit.com/r/SuggestALaptop/comments/1pz5xs6/please_suggest_a_laptop_for_me_minimum_16gb_ram/,168ecb4089bf
Need a work laptop before the year ends,https://www.reddit.com/r/SuggestALaptop/comments/1pz5meg/need_a_work_laptop_before_the_year_ends/,6421ebc99436
laptop for uni (in uk& budget is maybe around ¬£700-800?),https://www.reddit.com/r/SuggestALaptop/comments/1pz4k36/laptop_for_uni_in_uk_budget_is_maybe_around_700800/,e6e3a4de6349
Lightweight and efficient laptop for a uni student,https://www.reddit.com/r/SuggestALaptop/comments/1pz0ti5/lightweight_and_efficient_laptop_for_a_uni_student/,d5a4716f14d3
Tight budget for personal laptop with ability to handle photo editing software.,https://www.reddit.com/r/SuggestALaptop/comments/1pyswah/tight_budget_for_personal_laptop_with_ability_to/,d17d1f9556d9
First Time Looking for a new Laptop,https://www.reddit.com/r/SuggestALaptop/comments/1pyy9oe/first_time_looking_for_a_new_laptop/,0740b991b9d6
US Purchase $2000 or so budget,https://www.reddit.com/r/SuggestALaptop/comments/1pyy45q/us_purchase_2000_or_so_budget/,aa906465967b
üìå‚ú®üéÑüíª Best End-of-December Laptop Deals Christmas to üì¶Boxing Day 2015üõí‚ÄºÔ∏è,https://www.reddit.com/r/LaptopDeals/comments/1pug8c6/best_endofdecember_laptop_deals_christmas_to/,a1a856f88c21
"[eBay, Price Drop] Acer Swift Go Laptop (Cert. Refurbished): 14"" (1920 x 1200) 60Hz, 300-nits, 100% sRGB, IPS Display, Intel Ultra 7 155H, Intel ARC Graphics, 16GB RAM, 1TB SSD. Now: $419.99 After 48% Off #ad",https://www.reddit.com/r/LaptopDeals/comments/1pyg8yg/ebay_price_drop_acer_swift_go_laptop_cert/,e83d71c585f3
"[Walmart] ASUS Vivobook Laptop: 16"" WUXGA (1920 x 1200) Display, Intel Core i7-1355U, Integrated Intel Iris Xe Graphics, 16GB RAM, 512GB SSD Black. Now: $495 After $154.99 Off",https://www.reddit.com/r/LaptopDeals/comments/1pyg8h7/walmart_asus_vivobook_laptop_16_wuxga_1920_x_1200/,192602dd3844
"[eBay] Lenovo Legion Pro 7i Gaming Laptop (2025): 16"" WQXGA OLED 240Hz 500nits Display, Intel Core Ultra 9 275HX, 64GB RAM, 1TB SSD, NVIDIA GeForce RTX 5080, Eclipse Black. Now: $2,449.99 After 28% Off #ad",https://www.reddit.com/r/LaptopDeals/comments/1pyc5pw/ebay_lenovo_legion_pro_7i_gaming_laptop_2025_16/,77b369885a6f
"[eBay, Price Drop] Certified Refurbished Acer Swift Go 16 Laptop: 16"" FHD+ Touchscreen (1920x1200), 60Hz, 100% sRGB Display, Intel Core Ultra 9 185H 16-core Processor, Intel Iris Xe Integrated Graphics, 32GB DDR5 RAM, 1TB SSD. Now: $599.99 After 40% Off #ad",https://www.reddit.com/r/LaptopDeals/comments/1pyg9fz/ebay_price_drop_certified_refurbished_acer_swift/,fcfb385f38b1
"[Walmart] HP OmniBook 5 AI PC Laptop: 16"" (1920 x 1200) 2K Touch Display, Intel Core Ultra 7 255U, Intel Graphics, 16GB RAM, 1TB SSD, Glacier Silver, Now: $599 After $380.99 Off",https://www.reddit.com/r/LaptopDeals/comments/1pxtv8u/walmart_hp_omnibook_5_ai_pc_laptop_16_1920_x_1200/,b132b25a2cf8
"[Walmart] Lenovo IdeaPad Slim 3i Laptop: 15.6"" FHD Touch Display, Intel Core i7-1355U, Intel Iris Xe Graphics, 16GB RAM, 1TB SSD. Now: $449 After $450 Off.",https://www.reddit.com/r/LaptopDeals/comments/1pxtqk5/walmart_lenovo_ideapad_slim_3i_laptop_156_fhd/,97d4bcf7d228
"[Walmart] Walmart+: HP Laptop 15: 15.6"" FHD IPS Touch Display, Ryzen 7 7730U, Intel¬Æ Iris¬Æ Xe Graphics, 16GB RAM, 512GB SSD. Now; $399 After 42% Off",https://www.reddit.com/r/LaptopDeals/comments/1pxtqw0/walmart_walmart_hp_laptop_15_156_fhd_ips_touch/,ed62f0c7b6e4
"[eBay] Cert. Refurbished Acer Predator Helios 18 AI Gaming Laptop: 18.0‚Ä≥ WQXGA (2560√ó1600) Mini-LED 250Hz Display, Intel Core Ultra 9 275HX, NVIDIA GeForce RTX 5080, 32GB DDR5 RAM, 1TB SSD, Now: $2,294.99 After 24% Off #ad",https://www.reddit.com/r/LaptopDeals/comments/1pxtpqo/ebay_cert_refurbished_acer_predator_helios_18_ai/,fe90791cc24a
"[eBay, Price Drop] HP Victus Gaming Laptop: 15.6"" 144Hz FHD Display, AMD Ryzen 7 7445HS, NVIDIA GeForce RTX 4050, 16GB RAM, 512GB SSD. Now: $599.99 After 33% Off #ad",https://www.reddit.com/r/LaptopDeals/comments/1pxtrpm/ebay_price_drop_hp_victus_gaming_laptop_156_144hz/,90a2ecf3aecb
"[Amazon] Samsung 15.6‚Äù Galaxy Book5 360 Copilot AI Laptop PC Computer, FHD AMOLED Touchscreen Display, 16GB RAM / 512GB SSD, Dolby Atmos Quad Speakers, All-Day Battery Life, NP750QHA-KA1US. Now: $899.99 After 33% Off",https://www.reddit.com/r/LaptopDeals/comments/1pxtx2s/amazon_samsung_156_galaxy_book5_360_copilot_ai/,d27089abc856
"[Amazon] SAMSUNG Galaxy Book5 Pro 360 AI Laptop: 16‚Äù WQXGA+ (2880 x 1800) Touch Display, Intel Ultra 7 256V, Intel Arc 140V Graphics Card, 16GB RAM, 512GB SSD, Win11 Pro - Now: $1,199.99 after 25% Off",https://www.reddit.com/r/LaptopDeals/comments/1pxtmej/amazon_samsung_galaxy_book5_pro_360_ai_laptop_16/,ce22747937c7
"[Amazon] LG Gram Thin & Lightweight Laptop: 15.6"" WUXGA (1920 x 1200) IPS Touch Display, Intel Ultra 7 255H, Intel Arc Graphics, 16GB RAM, 1TB SSD - Now: $1,296.99 After 19% Off",https://www.reddit.com/r/LaptopDeals/comments/1pxtk6a/amazon_lg_gram_thin_lightweight_laptop_156_wuxga/,c7845c81b5b8
"[eBay] Acer Swift X 14 Laptop (Cert. Refurbished): 14.5"" 2.8K 120Hz OLED Display, Intel Ultra 7 155H, RTX 4070, 32GB RAM, 1TB SSD. Now: $999.99 After 41% Off + 2-year warranty serviced by Allstate. #ad",https://www.reddit.com/r/LaptopDeals/comments/1pxu5kl/ebay_acer_swift_x_14_laptop_cert_refurbished_145/,8edab7b515b2
"[Walmart] Lenovo Legion Pro 7i Gaming Laptop (2025): 16"" (2560 x 1600) 240Hz OLED Display, Intel Core Ultra 9 275HX, NVIDIA RTX 5090, 32GB DDR5 RAM, 1TB SSD, Now: $2,799.99 After $300 Off",https://www.reddit.com/r/LaptopDeals/comments/1pxtoc4/walmart_lenovo_legion_pro_7i_gaming_laptop_2025/,ee00d13ce3dc
"[Amazon] Apple MacBook Air Laptop (2025): 13"" (2560 x 1664) IPS Liquid Retina Display, M4 Chip 10-core CPU, 8-core GPU, 16GB RAM, 256GB SSD, Touch ID. Now: $799.99 After 20% Off",https://www.reddit.com/r/LaptopDeals/comments/1pwybpq/amazon_apple_macbook_air_laptop_2025_13_2560_x/,bdad2848be4b
"[Amazon] Apple 2024 MacBook Air 15-inch Laptop with M3 chip: Built for Apple Intelligence, 15.3-inch Liquid Retina Display, 24GB Unified Memory, 512GB SSD Storage, Backlit Keyboard, Touch ID; Starlight. Now: $1,099 After 35% Off",https://www.reddit.com/r/LaptopDeals/comments/1pwyc79/amazon_apple_2024_macbook_air_15inch_laptop_with/,7e79e2d8cf4e
"[Walmart] Lenovo IdeaPad Slim 3 Laptop: 15.3"" FHD+ (1920x1200, WUXGA +) 16:10, 60Hz, 300-nits, IPS Display, Ryzen 7 8840HS, Integrated AMD Radeon 780M Graphics, 16GB RAM, 512GB SSD. Now: $569 After 38% Off",https://www.reddit.com/r/LaptopDeals/comments/1pwyazi/walmart_lenovo_ideapad_slim_3_laptop_153_fhd/,54dd32f9b32e
Best business laptops to buy for 2026?,https://www.reddit.com/r/laptops/comments/1pzhex2/best_business_laptops_to_buy_for_2026/,25541d11a9bb
Need a Laptop than can handle A LOT of Multitasking,https://www.reddit.com/r/laptops/comments/1pzignr/need_a_laptop_than_can_handle_a_lot_of/,51baa05d9dae
Need help choosing a laptop for study and work,https://www.reddit.com/r/laptops/comments/1pzk3k9/need_help_choosing_a_laptop_for_study_and_work/,2bc28aeedd88
I bought a refurbished Dell XPS 15,https://www.reddit.com/r/laptops/comments/1pyqiyc/i_bought_a_refurbished_dell_xps_15/,5d2fd60f4ce9
Laptop recommendation for devloper,https://www.reddit.com/r/laptops/comments/1pzlrbr/laptop_recommendation_for_devloper/,8b146a320a2d
Dell laptop motherboard ‚Äúshort‚Äù just after warranty ‚Äî retailer asking ‚Çπ20k. Faced same issue earlier with Dell G15. What‚Äôs the best option in India?,https://www.reddit.com/r/laptops/comments/1pzl7wb/dell_laptop_motherboard_short_just_after_warranty/,26dbd5f1087e
My Girlfriend Wants A PC For $800 or under,https://www.reddit.com/r/buildapcforme/comments/1pz33jf/my_girlfriend_wants_a_pc_for_800_or_under/,a2d33c5edd7c
"Looking for a generalist workhorse type, US, $800-$1200",https://www.reddit.com/r/SuggestALaptop/comments/1pzmqn7/looking_for_a_generalist_workhorse_type_us_8001200/,8236da78c9d5
Best laptops for students in 2026: Affordable and high performance options,https://www.reddit.com/r/laptops/comments/1pzmrna/best_laptops_for_students_in_2026_affordable_and/,1bdc08cacdfd
"What are some affordable, 16GB RAM, durable , windows 11 laptops that are likely to last 10 years + that you'd recommend ?",https://www.reddit.com/r/laptops/comments/1pznije/what_are_some_affordable_16gb_ram_durable_windows/,f353b5efc1f1
I NEED A LAPTOP TO DO MY PHOTOGRAPHY,https://www.reddit.com/r/laptops/comments/1pznw98/i_need_a_laptop_to_do_my_photography/,b10f87307023
Laptop charging issue,https://www.reddit.com/r/laptops/comments/1pznfwh/laptop_charging_issue/,fee9b730a2de
Need advise regarding warranty and ADP,https://www.reddit.com/r/laptops/comments/1pzn9du/need_advise_regarding_warranty_and_adp/,68ceffaf8283
What laptop should I buy for educational purposes? (Read desc),https://www.reddit.com/r/laptops/comments/1pzmt1i/what_laptop_should_i_buy_for_educational_purposes/,93698402dc17
hi i need help both hinges on my laptop decided to break up with the screen part of my laptop and now its single and just lays down my mom said its too expensive to fix the hinges rn so do u guys have some temporary or perm solutions so i wont be annoyed of using my laptop cuz it falls time 2 time,https://www.reddit.com/r/laptops/comments/1pzmrvt/hi_i_need_help_both_hinges_on_my_laptop_decided/,bae59253eb6d
Help me build a long lasting PC for around 2000‚Ç¨ in Germany,https://www.reddit.com/r/buildapcforme/comments/1pznolz/help_me_build_a_long_lasting_pc_for_around_2000/,9b2aa65a145c
"Locked out of Win11 Laptop: Fingerprint failed, PIN forgotten, and Microsoft Account locked. Options?",https://www.reddit.com/r/techsupport/comments/1pzn9f3/locked_out_of_win11_laptop_fingerprint_failed_pin/,18de59977e18
I am about to buy a MacBook Pro M5‚Ä¶or Lenovo Yoga‚Ä¶,https://www.reddit.com/r/laptops/comments/1pzk2zw/i_am_about_to_buy_a_macbook_pro_m5or_lenovo_yoga/,e522b56effba
Water damaged laptop,https://www.reddit.com/r/laptops/comments/1pzptq5/water_damaged_laptop/,85bcde8df4b9
Refurbished lenovo l13 yoga (gen 1) or new hp omnibook x (amd),https://www.reddit.com/r/laptops/comments/1pzpat9/refurbished_lenovo_l13_yoga_gen_1_or_new_hp/,a4702988bb27
Laptop For Personal and School Use,https://www.reddit.com/r/SuggestALaptop/comments/1pzqqmb/laptop_for_personal_and_school_use/,e596c874d2e2
Laptop recommendation for new hire,https://www.reddit.com/r/laptops/comments/1pzq7qw/laptop_recommendation_for_new_hire/,0fea42086140
Need help choosing the right laptop,https://www.reddit.com/r/laptops/comments/1pzq6iw/need_help_choosing_the_right_laptop/,d98d990f1837
Computer Science student -- current lenovo legion dies in 2 hours. Need good battery life + powerful laptop,https://www.reddit.com/r/SuggestALaptop/comments/1pzrwxh/computer_science_student_current_lenovo_legion/,3fa560580046
"Cleaned my laptop, now it doesn't boot",https://www.reddit.com/r/laptops/comments/1pzsca2/cleaned_my_laptop_now_it_doesnt_boot/,231a000f9eb4
Thinking about buying a Lenovo Legion 7i Gen 9 ‚Äî thoughts & where to get it in Ghana,https://www.reddit.com/r/laptops/comments/1pzsn5s/thinking_about_buying_a_lenovo_legion_7i_gen_9/,ab519c2f510d
Need help finding laptop with these specs,https://www.reddit.com/r/laptops/comments/1pzsmva/need_help_finding_laptop_with_these_specs/,7a673660d1b6
Does anyone have good recommendations for a good gaming laptop that can also be used in school?,https://www.reddit.com/r/laptops/comments/1pzsemi/does_anyone_have_good_recommendations_for_a_good/,07a794810149
Rate this laptop (planning on buying),https://www.reddit.com/r/laptops/comments/1pzs62h/rate_this_laptop_planning_on_buying/,01f418c9c358
Beginner Living Room PC build ($1400-$1750),https://www.reddit.com/r/buildapcforme/comments/1pzslmd/beginner_living_room_pc_build_14001750/,1b7f7d3b6e4c
with a budget of 550‚Ç¨ what is the best gaming laptop i could get (used one ofc),https://www.reddit.com/r/SuggestALaptop/comments/1pzt0gy/with_a_budget_of_550_what_is_the_best_gaming/,55a5b6a747db
Recommendations for a refurbished laptop $250-800 USD,https://www.reddit.com/r/laptops/comments/1pzthmn/recommendations_for_a_refurbished_laptop_250800/,2d0e3d47c946
Need advice for a versatile gaming laptop with a good battery life but not sure where to start,https://www.reddit.com/r/laptops/comments/1pztebf/need_advice_for_a_versatile_gaming_laptop_with_a/,250e93cb0ab6
Chromebook laptop recommendations!,https://www.reddit.com/r/laptops/comments/1pzvj5z/chromebook_laptop_recommendations/,a2c70dc3c86e
My laptop only charges after plugging it in for a second time,https://www.reddit.com/r/laptops/comments/1pzv6be/my_laptop_only_charges_after_plugging_it_in_for_a/,52d621e8f7a7
What to choose from these two laptop.,https://www.reddit.com/r/laptops/comments/1pzuwy1/what_to_choose_from_these_two_laptop/,97665fb8a3b6
Which of these used laptop deals is the best for me? [Euros],https://www.reddit.com/r/laptops/comments/1pzuot0/which_of_these_used_laptop_deals_is_the_best_for/,1cd12511ac32
Buying replacement parts?,https://www.reddit.com/r/laptops/comments/1pzwtgh/buying_replacement_parts/,8b4db8336ea8
Is now a good time to buy a new PC laptop? Year end/new year deals?,https://www.reddit.com/r/laptops/comments/1pzvz2r/is_now_a_good_time_to_buy_a_new_pc_laptop_year/,682e1ac3fdbe
"Everyday laptop for Browsing, Shopping, Streaming, general Use etc. (UK: ¬£800-¬£900 budget)",https://www.reddit.com/r/SuggestALaptop/comments/1q00ocs/everyday_laptop_for_browsing_shopping_streaming/,96453ec66e0f
Laptop for Music Production/Windows,https://www.reddit.com/r/SuggestALaptop/comments/1pzzjbx/laptop_for_music_productionwindows/,7fbf3459a6a2
i am going to join college but cannot choose a laptop for myself any suggestions??,https://www.reddit.com/r/SuggestALaptop/comments/1pzypu7/i_am_going_to_join_college_but_cannot_choose_a/,76b59443eff2
"Laptop under 1,100 USD",https://www.reddit.com/r/SuggestALaptop/comments/1pzycy3/laptop_under_1100_usd/,eb0b80d2ad64
"Looking for a 2 in 1 laptop, $1400AUD",https://www.reddit.com/r/SuggestALaptop/comments/1pzyb2t/looking_for_a_2_in_1_laptop_1400aud/,469e5fe5a8af
Is this a good laptop?,https://www.reddit.com/r/laptops/comments/1q00sv3/is_this_a_good_laptop/,329d3234df95
Help Needed- hair oil spilled inside my laptop,https://www.reddit.com/r/laptops/comments/1q003cb/help_needed_hair_oil_spilled_inside_my_laptop/,180c93104db8
"Australia, budget $1000, Laptop for 8yr old to do mainly scratch coding.",https://www.reddit.com/r/laptops/comments/1pzzvp4/australia_budget_1000_laptop_for_8yr_old_to_do/,542fcdb8503b
Is this laptop decent for the price? It's currently $315,https://www.reddit.com/r/laptops/comments/1pzzulu/is_this_laptop_decent_for_the_price_its_currently/,dc9561897390
Need an Acer Laptop that can edit videos my budget is 300‚Ç¨,https://www.reddit.com/r/laptops/comments/1pzzpkf/need_an_acer_laptop_that_can_edit_videos_my/,06f6c4b893e0
Need a budget gaming laptop,https://www.reddit.com/r/SuggestALaptop/comments/1q02mqb/need_a_budget_gaming_laptop/,9f646c8681ca
Is this healthy for my laptop(lowend),https://www.reddit.com/r/laptops/comments/1q028wt/is_this_healthy_for_my_laptoplowend/,2987a12aca1d
Looking for laptop buying help,https://www.reddit.com/r/laptops/comments/1q01la4/looking_for_laptop_buying_help/,3301b00b46a9
Help picking the right laptop!,https://www.reddit.com/r/laptops/comments/1q02mus/help_picking_the_right_laptop/,ea0e38871e29
Looking for new laptop,https://www.reddit.com/r/laptops/comments/1q01hjw/looking_for_new_laptop/,879d30b9cbf1
Very cheap laptop with good storage,https://www.reddit.com/r/SuggestALaptop/comments/1q04jlo/very_cheap_laptop_with_good_storage/,3b785f91dd6e
How much I can get for this laptop,https://www.reddit.com/r/laptops/comments/1q04qsb/how_much_i_can_get_for_this_laptop/,683068b13364
Looking for a laptop for school,https://www.reddit.com/r/laptops/comments/1q04oyw/looking_for_a_laptop_for_school/,860af3666998
Any laptops suggestions within $500,https://www.reddit.com/r/laptops/comments/1q03x1f/any_laptops_suggestions_within_500/,ca4da93f5054
Laptop for school/gaming,https://www.reddit.com/r/SuggestALaptop/comments/1q061eb/laptop_for_schoolgaming/,9e523fb9edac
What Should I Prioritize When Buying a Laptop Today?,https://www.reddit.com/r/laptops/comments/1q06374/what_should_i_prioritize_when_buying_a_laptop/,076083352c4f
Any reason to expect an old APC BN-4001 Battery Backup to charge?,https://www.reddit.com/r/techsupport/comments/1q05qog/any_reason_to_expect_an_old_apc_bn4001_battery/,9a9db3299f50
Laptop won't turn on,https://www.reddit.com/r/techsupport/comments/1q05gbe/laptop_wont_turn_on/,012a410fe6bc
I built a site that finds the best laptop deals on Amazon,https://www.reddit.com/r/laptops/comments/1q06w5c/i_built_a_site_that_finds_the_best_laptop_deals/,db2bd443ff9c
Broken laptop screen replacement for LG GRAM,https://www.reddit.com/r/laptops/comments/1q06fau/broken_laptop_screen_replacement_for_lg_gram/,8b87523deb07
Suggestion on laptop,https://www.reddit.com/r/laptops/comments/1q075w1/suggestion_on_laptop/,5c4fe0169205
Overkill laptop regret ‚Äî sell premium 2-in-1 and downgrade as a finance major?,https://www.reddit.com/r/laptops/comments/1q09g7x/overkill_laptop_regret_sell_premium_2in1_and/,bf1c19b220df
Repair or buy a new laptop?,https://www.reddit.com/r/laptops/comments/1q09bwp/repair_or_buy_a_new_laptop/,d35f30cc5fd6
Which laptop should I choose?,https://www.reddit.com/r/laptops/comments/1q0anhi/which_laptop_should_i_choose/,f32b3d4b0323
Laptop recommendation,https://www.reddit.com/r/laptops/comments/1q0alss/laptop_recommendation/,c076d155cc1c
Any suggestions on a laptop I should buy?,https://www.reddit.com/r/laptops/comments/1q0air4/any_suggestions_on_a_laptop_i_should_buy/,1d21164d2467
My laptop won‚Äôt charge,https://www.reddit.com/r/techsupport/comments/1q0c1qt/my_laptop_wont_charge/,028c5d30ab2f
Water spill on laptop,https://www.reddit.com/r/techsupport/comments/1q0avzb/water_spill_on_laptop/,b929597e1540
2-in-1 $1.5K Budget,https://www.reddit.com/r/SuggestALaptop/comments/1q0cvjv/2in1_15k_budget/,d266366b6f7f
Laptop for school,https://www.reddit.com/r/SuggestALaptop/comments/1q0e854/laptop_for_school/,6ba1be06fd75
"[Walmart] ASUS VivoBook Laptop: 15.6‚Äù FHD IPS Display, Intel Core 5 120U, Intel¬Æ Graphics, 16GB RAM, 512GB SSD. Now: $415 After $84 Off",https://www.reddit.com/r/LaptopDeals/comments/1q0f04h/walmart_asus_vivobook_laptop_156_fhd_ips_display/,2c873c5b07a7
"[eBay, Price Drop] Lenovo LOQ Gaming Laptop: 15.6"" IPS LCD FHD 144Hz Display, 16GB RAM 512GB SSD, AMD Ryzen 7 250, NVIDIA GeForce RTX 5060, Luna Grey. Now: $869.99 After 24% Off #ad",https://www.reddit.com/r/LaptopDeals/comments/1q0ezjz/ebay_price_drop_lenovo_loq_gaming_laptop_156_ips/,3797d0c826da
"[Amazon] Dell 15 Laptop -15.6-inch FHD 120Hz Display, Intel Core 3 Processor 100U Processor, 8GBRAM, 512GB SSD, Intel UHD Graphics, Windows 11 Home, Onsite Service - Carbon Black. Now: $299.99 After 25% Off",https://www.reddit.com/r/LaptopDeals/comments/1q0ez27/amazon_dell_15_laptop_156inch_fhd_120hz_display/,fca6b63560dc
Need laptop recommendations,https://www.reddit.com/r/laptops/comments/1q0feak/need_laptop_recommendations/,1464713e4404
Help me in buying laptop,https://www.reddit.com/r/laptops/comments/1q0f1gk/help_me_in_buying_laptop/,b400f70c16b8
Help an idiot pick a laptop! $400-$600 USD (USA),https://www.reddit.com/r/SuggestALaptop/comments/1q0guys/help_an_idiot_pick_a_laptop_400600_usd_usa/,403abfb76918
"US, roughly $700 budget. Looking for a laptop for school & some non intensive gaming.",https://www.reddit.com/r/SuggestALaptop/comments/1q0g987/us_roughly_700_budget_looking_for_a_laptop_for/,984ccd76c94e
Im confused.. buying first laptop please help.,https://www.reddit.com/r/laptops/comments/1q0gz2y/im_confused_buying_first_laptop_please_help/,ada4b05e7447
Going to buy my first laptop,https://www.reddit.com/r/laptops/comments/1q0g9mz/going_to_buy_my_first_laptop/,da72819bc449
Needed a laptop,https://www.reddit.com/r/laptops/comments/1q0fxm8/needed_a_laptop/,c840eaaaf085
"[Amazon] ASUS Vivobook S16 Laptop:16"" 3K OLED (2880 x 1800) 600-nits, 100% DCI-P3, 120Hz Display, AMD Ryzen AI 7 350 with XDNA NPU, AMD Radeon 860M Graphics, 16GB RAM, 1TB SSD, Neutral Black, Now: $987 After 18% Off",https://www.reddit.com/r/LaptopDeals/comments/1q0hwmy/amazon_asus_vivobook_s16_laptop16_3k_oled_2880_x/,3d8a967eb05c
"[Amazon] LG Gram Pro 17-inch Lightweight Laptop: 16"" 1080p Display, Intel Evo Edition Powered by Intel Core Ultra7 255H Processor, NVIDIA RTX 5050, Windows 11 Home, 32GB RAM, 2TB SSD, Black. Now: $2,396.99 After 17% Off",https://www.reddit.com/r/LaptopDeals/comments/1q0hvfh/amazon_lg_gram_pro_17inch_lightweight_laptop_16/,743c52efeeb9
"[eBay, PRICE DROP] Acer Predator Helios Neo 16S AI Gaming Laptop: 16"" (2560 x 1600) OLED 240Hz Display, Intel Core Ultra 9 Series 2, NVIDIA GeForce RTX 5070Ti, 32GB RAM, 1TB SSD. Now: $1,599.99 After 16% Off #ad",https://www.reddit.com/r/LaptopDeals/comments/1q0hu7q/ebay_price_drop_acer_predator_helios_neo_16s_ai/,ef76f4804980
"[Walmart] (Open Box) HP 16-ag1079wm OmniBook 5 Laptop: 16"" WUXGA Display, Ryzen AI 7 350, Intel UHD Graphics, 16GB RAM, 512GB SSD, Win 11 Home, Glacier Silver. Now: $385 After 22% Off",https://www.reddit.com/r/LaptopDeals/comments/1q0iazf/walmart_open_box_hp_16ag1079wm_omnibook_5_laptop/,e12138bcb210
help me pick a laptop please,https://www.reddit.com/r/laptops/comments/1q0hazl/help_me_pick_a_laptop_please/,2796d0063a94
Need help buying a second hand gaming laptop,https://www.reddit.com/r/laptops/comments/1q0i3ta/need_help_buying_a_second_hand_gaming_laptop/,ef6710f7af3e
Looking for laptop under 950 euro for eGPU,https://www.reddit.com/r/laptops/comments/1q0ifqf/looking_for_laptop_under_950_euro_for_egpu/,eece5f269fc6
Making a Build 100K¬±5K TRY Budget,https://www.reddit.com/r/buildapcforme/comments/1q0jfiq/making_a_build_100k5k_try_budget/,b7ed2b54ccfc
Good Costco Laptops?,https://www.reddit.com/r/laptops/comments/1q0ksdo/good_costco_laptops/,83623568da68
"Replacement for HP Spectrex360, United States, $1500",https://www.reddit.com/r/SuggestALaptop/comments/1q0mheo/replacement_for_hp_spectrex360_united_states_1500/,5b4433184a2d
"[Newegg] Refurb: Lenovo ThinkPad T14 Gen 2: 14"" FHD IPS Touch, i5-1145G7, 16GB DDR4, 256GB SSD, Win 11 Pro with 25% off , for $299.98",https://www.reddit.com/r/LaptopDeals/comments/1q0l7x3/newegg_refurb_lenovo_thinkpad_t14_gen_2_14_fhd/,fbb0549d8eba
What are the best ultrabook laptops to buy in 2026?,https://www.reddit.com/r/laptops/comments/1q0lgb2/what_are_the_best_ultrabook_laptops_to_buy_in_2026/,6e8954757f9c
How do I safely charge my laptop(HP Victus model 15-fb3093dx) on the go while its on?,https://www.reddit.com/r/laptops/comments/1q0madt/how_do_i_safely_charge_my_laptophp_victus_model/,48b27578fd1d
Looking for a laptop under $350 for school any recommendations?,https://www.reddit.com/r/laptops/comments/1q0lyar/looking_for_a_laptop_under_350_for_school_any/,613277f1c6de
What is the best laptop for small games like minecraft or valorantq,https://www.reddit.com/r/laptops/comments/1q0lq37/what_is_the_best_laptop_for_small_games_like/,daa8b1a0fb55
I want to sell a 2 year old macbook,https://www.reddit.com/r/laptops/comments/1q0leui/i_want_to_sell_a_2_year_old_macbook/,cc3ee2ecf4af
Need a mixed use laptop under ¬£600,https://www.reddit.com/r/SuggestALaptop/comments/1q0ngmg/need_a_mixed_use_laptop_under_600/,79c903961d35
Suggestions on which laptop should i go for.,https://www.reddit.com/r/laptops/comments/1q0najy/suggestions_on_which_laptop_should_i_go_for/,625a51617205
Laptop for college,https://www.reddit.com/r/laptops/comments/1q0n46i/laptop_for_college/,6e0150f5b29b
BEST LAPTOP UNDER 65k,https://www.reddit.com/r/laptops/comments/1q0mqo1/best_laptop_under_65k/,6e32f8dbc7dc
Gaming Laptop - 1500USD Before Tax,https://www.reddit.com/r/SuggestALaptop/comments/1q0o191/gaming_laptop_1500usd_before_tax/,a84fa6024981
"[Walmart] Lenovo Legion 5i 15.1"" OLED WQXGA Laptop, Core i9 14900HX, 16GB, 1TB, NVIDIA¬Æ GeForce RTX‚Ñ¢ 5070 8GB, 83LY0007US with $450 off for $1399",https://www.reddit.com/r/LaptopDeals/comments/1q0nyzh/walmart_lenovo_legion_5i_151_oled_wqxga_laptop/,cafafd2ec4d7
Need tips on pricing a secondhand PC (Canada),https://www.reddit.com/r/buildapcforme/comments/1q0obnv/need_tips_on_pricing_a_secondhand_pc_canada/,9ca7e775c6f9
Can't decide for a new laptop,https://www.reddit.com/r/laptops/comments/1q0p5zy/cant_decide_for_a_new_laptop/,1b5bd7cb59e6
"Search folders in outlook... looking to save / backup the criteria, but have other questions too",https://www.reddit.com/r/techsupport/comments/1q0ppu1/search_folders_in_outlook_looking_to_save_backup/,b4ca1b7c80bf
"¬£1500 Laptop suitable for Gaming, Blender and FL Studios",https://www.reddit.com/r/SuggestALaptop/comments/1q0r6lu/1500_laptop_suitable_for_gaming_blender_and_fl/,aa66ca176952
Budget $1000 - USA - Gaming Laptop premade,https://www.reddit.com/r/SuggestALaptop/comments/1q0t605/budget_1000_usa_gaming_laptop_premade/,c57dcc3283f9
Suggestion for an autocad and gaming laptop for a college student,https://www.reddit.com/r/SuggestALaptop/comments/1q0s6ig/suggestion_for_an_autocad_and_gaming_laptop_for_a/,e2e19b6b7287
Laptop for gaming and college USA Budget : $1500-$2500,https://www.reddit.com/r/SuggestALaptop/comments/1q0s30d/laptop_for_gaming_and_college_usa_budget_15002500/,1d8834f1d693
BEST LAPTOP UNDER 65k,https://www.reddit.com/r/SuggestALaptop/comments/1q0mr3b/best_laptop_under_65k/,203584debcfb
Laptop for music production and statistical analysis - up to 1300 USD (appr. 430 000 HUF) - Hungary,https://www.reddit.com/r/SuggestALaptop/comments/1q0hh6z/laptop_for_music_production_and_statistical/,7abf393a044b
help me pick a laptop please,https://www.reddit.com/r/SuggestALaptop/comments/1q0hewc/help_me_pick_a_laptop_please/,056a249d29d6
Suggest a laptop for a scientist,https://www.reddit.com/r/SuggestALaptop/comments/1q0f5jo/suggest_a_laptop_for_a_scientist/,0b0baf3d6304
"Need a laptop for running Linux, writing large papers, and composing music. (Euros, see comments).",https://www.reddit.com/r/SuggestALaptop/comments/1q0c3ky/need_a_laptop_for_running_linux_writing_large/,03d88a84ae02
"Looking for cheap, long-lasting laptop (approx. 400‚Ç¨, Germany)",https://www.reddit.com/r/SuggestALaptop/comments/1q0c0kq/looking_for_cheap_longlasting_laptop_approx_400/,095591ec9b13
What laptop should I buy?,https://www.reddit.com/r/laptops/comments/1q0st6f/what_laptop_should_i_buy/,390feb658e00
Best Budget Laptops You Can Buy?,https://www.reddit.com/r/laptops/comments/1q0slag/best_budget_laptops_you_can_buy/,d5e0bcf5e30f
wanting to buy a quality laptop,https://www.reddit.com/r/laptops/comments/1q0tkgi/wanting_to_buy_a_quality_laptop/,09f44e554a09
What laptop should I get for 2026?,https://www.reddit.com/r/laptops/comments/1q0rb1s/what_laptop_should_i_get_for_2026/,023a7f9c8790
Wanting to long term store a few terabytes of data,https://www.reddit.com/r/techsupport/comments/1q0sxxh/wanting_to_long_term_store_a_few_terabytes_of_data/,87e0bffd16e9
Need help with an upgrade. 2500 budget or less,https://www.reddit.com/r/buildapcforme/comments/1q0va5e/need_help_with_an_upgrade_2500_budget_or_less/,fe530edbaa96
Any good laptops for school and gaming(Valorant)under 600$,https://www.reddit.com/r/laptops/comments/1q0wpcr/any_good_laptops_for_school_and/,8be4321cba92
How much I can upgrade my hp probook 640 g3 i5 7th gen laptop?,https://www.reddit.com/r/laptops/comments/1q0wx0m/how_much_i_can_upgrade_my_hp_probook_640_g3_i5/,0f1d9697b25e
Laptop charger won't charge.,https://www.reddit.com/r/techsupport/comments/1q0xf46/laptop_charger_wont_charge/,d577215c8f79
Which laptop should I buy?,https://www.reddit.com/r/laptops/comments/1q0xzld/which_laptop_should_i_buy/,a2de1a417fd9
laptop isnt charging,https://www.reddit.com/r/laptops/comments/1q0yrvg/laptop_isnt_charging/,5d03a747c7f9
Ethernet stopped working on laptop,https://www.reddit.com/r/techsupport/comments/1q0zq65/ethernet_stopped_working_on_laptop/,387c0a6726c8
Photo editing - office work laptop below 1k?,https://www.reddit.com/r/SuggestALaptop/comments/1q1148g/photo_editing_office_work_laptop_below_1k/,b008c67d5f77
UK Laptop recommendations for Admin.,https://www.reddit.com/r/SuggestALaptop/comments/1q10swi/uk_laptop_recommendations_for_admin/,9fc4492ede3c
[PH] Teacher looking for a reliable laptop for lesson plans and basic editing (Php 30k / $500 Budget),https://www.reddit.com/r/laptops/comments/1q11ph7/ph_teacher_looking_for_a_reliable_laptop_for/,7d48bca3ff50
Laptop to run FM26 ¬£300,https://www.reddit.com/r/laptops/comments/1q13kj7/laptop_to_run_fm26_300/,a5f520974c5e
Computer Engineering Student Laptop,https://www.reddit.com/r/laptops/comments/1q12i5p/computer_engineering_student_laptop/,8ce55240f8f3
Is This good for ¬£1999,https://www.reddit.com/r/SuggestALaptop/comments/1q14frs/is_this_good_for_1999/,38ec10fdbe59
"India ‚Çπ1.2‚Äì1.5L | Laptop for coding, ML & light gaming | Buying offline in Bangalore",https://www.reddit.com/r/SuggestALaptop/comments/1q0y2m6/india_1215l_laptop_for_coding_ml_light_gaming/,cb3b57d0e882
Is This good for ¬£1999 or any Oled Recomendations?,https://www.reddit.com/r/laptops/comments/1q14idf/is_this_good_for_1999_or_any_oled_recomendations/,d268db849283
Help choose a laptop,https://www.reddit.com/r/laptops/comments/1q14o2w/help_choose_a_laptop/,b351e5b16683
How much worth does this PC hold for resale ? Help me find right valuation,https://www.reddit.com/r/buildapcforme/comments/1q15dli/how_much_worth_does_this_pc_hold_for_resale_help/,9dfe108a767e
"[eBay] Refurbished Acer Swift Edge; 16"" 3840 x 2400 OLED display, AMD Ryzen 7 7735U CPU, 16GB RAM, 1TB SSD with 62% off, for $492.89 #ad",https://www.reddit.com/r/LaptopDeals/comments/1q165ma/ebay_refurbished_acer_swift_edge_16_3840_x_2400/,1f8243b00965
Is this a good laptop for office work? (Lenova Yoga Slim 7),https://www.reddit.com/r/laptops/comments/1q16omc/is_this_a_good_laptop_for_office_work_lenova_yoga/,ae02023cbd1e
Are cheaper (<$100) UPS‚Äô safe to use?,https://www.reddit.com/r/techsupport/comments/1q16h5i/are_cheaper_100_ups_safe_to_use/,1963a5b37e14
Is this a good laptop ?,https://www.reddit.com/r/laptops/comments/1q17hsa/is_this_a_good_laptop/,e33361022db3
Budget pc for gaming and general use in UK (¬£500-¬£850),https://www.reddit.com/r/buildapcforme/comments/1q17t1z/budget_pc_for_gaming_and_general_use_in_uk_500850/,545446639528
"Paradox pc $1,000 - $1800 usd",https://www.reddit.com/r/buildapcforme/comments/1q16zep/paradox_pc_1000_1800_usd/,a127ac4ad574
Macbook Air but on budget? [linux geek],https://www.reddit.com/r/laptops/comments/1q19ad1/macbook_air_but_on_budget_linux_geek/,ee7d7f3447cd
Laptop/OS/Antivirus advice?,https://www.reddit.com/r/laptops/comments/1q19a82/laptoposantivirus_advice/,08249643dc03
Should i factory reset my laptop?,https://www.reddit.com/r/laptops/comments/1q18co3/should_i_factory_reset_my_laptop/,e5af1f66a0fe
I have 310 USD can anyone pl ase suggest a good laptop for my budget.,https://www.reddit.com/r/laptops/comments/1q1belo/i_have_310_usd_can_anyone_pl_ase_suggest_a_good/,1bf0642e2de6
Just bought a laptop from eBay üò¨,https://www.reddit.com/r/laptops/comments/1q1b8ev/just_bought_a_laptop_from_ebay/,9706bfe40c23
Lenovo Legion 14APH8 worth it in 2026?,https://www.reddit.com/r/laptops/comments/1q1b0kj/lenovo_legion_14aph8_worth_it_in_2026/,304b962b5922
Can't access most websites on my Laptop (but phone is fine),https://www.reddit.com/r/techsupport/comments/1q1b4qv/cant_access_most_websites_on_my_laptop_but_phone/,a9f8a48b4c03
laptop screen after water damage,https://www.reddit.com/r/techsupport/comments/1q1b1xk/laptop_screen_after_water_damage/,af1786a02678
"Looking for Laptop Recommendations: Everyday Use, Future-Proof, Good Battery & Support 50k budget",https://www.reddit.com/r/laptops/comments/1q1cgkh/looking_for_laptop_recommendations_everyday_use/,6810cfc18f3b
SHOULD I GO FOR THIS LAPTOP (PLS HELP),https://www.reddit.com/r/laptops/comments/1q1bv5q/should_i_go_for_this_laptop_pls_help/,e324b070f8c3
my laptop works fine then randomly stops turning on with black screen days later it works fine,https://www.reddit.com/r/laptops/comments/1q1bv59/my_laptop_works_fine_then_randomly_stops_turning/,a9c8680ab94d
Laptop for engineering student,https://www.reddit.com/r/SuggestALaptop/comments/1q1e478/laptop_for_engineering_student/,a3d2b9012063
Affordable VPN Alternatives To Private Internet Access?,https://www.reddit.com/r/techsupport/comments/1q1e4r9/affordable_vpn_alternatives_to_private_internet/,3e69e4e04aaf
Laptop suggestions for engineering student with CAD,https://www.reddit.com/r/SuggestALaptop/comments/1q1fbkr/laptop_suggestions_for_engineering_student_with/,92b6745c4506
"[eBay] Acer Predator Helios Neo 16 AI Gaming Laptop (Cert. Refurbished): 16"" QHD+ 240Hz IPS Display, Intel Core Ultra 9 275HX, NVIDIA GeForce RTX 5070 Ti, 32GB DDR5 RAM, 1TB SSD. Now: $1,394.99 After 27% Off + 2-year warranty serviced by Allstate. #ad",https://www.reddit.com/r/LaptopDeals/comments/1q1eu4p/ebay_acer_predator_helios_neo_16_ai_gaming_laptop/,013ce115fe83
"[eBay] Acer Predator Helios Neo 16S Gaming Laptop (Cert. Refurbished): 16"" QHD+ 240Hz OLED Display, Intel Ultra 9 275HX, NVIDIA GeForce RTX 5070 Ti, 32GB DDR5 RAM, 1TB SSD. Now: $1,275.99 After 33% Off + 2-year warranty serviced by Allstate. #ad",https://www.reddit.com/r/LaptopDeals/comments/1q1eqhi/ebay_acer_predator_helios_neo_16s_gaming_laptop/,47b74c65f9b3
What is the best laptop for value if im looking to spend 400-600 dollars?,https://www.reddit.com/r/laptops/comments/1q1eh3n/what_is_the_best_laptop_for_value_if_im_looking/,4d4b35a18f8c
Any good budget laptops for college under $450?,https://www.reddit.com/r/SuggestALaptop/comments/1q1h1qe/any_good_budget_laptops_for_college_under_450/,f5da1f7a00bc
Pls help me to select one of these laptops,https://www.reddit.com/r/laptops/comments/1q1fskx/pls_help_me_to_select_one_of_these_laptops/,de6de746bbd8
No idea what laptop I should buy! Please help,https://www.reddit.com/r/laptops/comments/1q1greo/no_idea_what_laptop_i_should_buy_please_help/,851dd4f52db1
Lenovo refurbished?,https://www.reddit.com/r/laptops/comments/1q1gitm/lenovo_refurbished/,8a1499e45ebd
Pls help me to select one of these laptops,https://www.reddit.com/r/laptops/comments/1q1ftwb/pls_help_me_to_select_one_of_these_laptops/,048875d0e355
Laptop for work as well as running a 3d printer app,https://www.reddit.com/r/SuggestALaptop/comments/1q1j78f/laptop_for_work_as_well_as_running_a_3d_printer/,57b057931eb8
2 in 1 laptop recommendations?,https://www.reddit.com/r/SuggestALaptop/comments/1q1iu8s/2_in_1_laptop_recommendations/,470ea32e4db5
Laptop For Elderly Father,https://www.reddit.com/r/SuggestALaptop/comments/1q1iu2j/laptop_for_elderly_father/,ee2ea803b1a6
Is it possible to block off these contacts and keep the battery in the Laptop?,https://www.reddit.com/r/laptops/comments/1q1j38b/is_it_possible_to_block_off_these_contacts_and/,778700f6646a
Laptop Not Responding to Any Wireless Mouse,https://www.reddit.com/r/laptops/comments/1q1m4zc/laptop_not_responding_to_any_wireless_mouse/,5f25c6770037
Budget laptops,https://www.reddit.com/r/laptops/comments/1q1ldlb/budget_laptops/,e2782f9b7438
Laptop from Alibaba,https://www.reddit.com/r/laptops/comments/1q1non0/laptop_from_alibaba/,609846404b7f
Need laptop recs as an incoming college student,https://www.reddit.com/r/laptops/comments/1q1nz8w/need_laptop_recs_as_an_incoming_college_student/,70d1d2dc6713
No warranty on new laptop?,https://www.reddit.com/r/laptops/comments/1q1mvbq/no_warranty_on_new_laptop/,405c2f0b67e6
Is my laptop upgradable for Frontiers of Pandora?,https://www.reddit.com/r/techsupport/comments/1q1nqw9/is_my_laptop_upgradable_for_frontiers_of_pandora/,c2a4d3adb225
