Topic,Title,Link,Published_Time,Unique_ID
laptop,r/Laptop is back open!,https://www.reddit.com/r/Laptop/comments/14mjrvs/rlaptop_is_back_open/,2023-06-29T23:18:33+00:00,bca0c62fe146
laptop,Cheapest good laptop to run steamvr fore bonelab fusion helper,https://www.reddit.com/r/Laptop/comments/1pjn3bd/cheapest_good_laptop_to_run_steamvr_fore_bonelab/,2025-12-11T03:19:30+00:00,bce4b01a59c5
laptop,Surface pro worth it ?,https://www.reddit.com/r/Laptop/comments/1pj9tc0/surface_pro_worth_it/,2025-12-10T18:09:20+00:00,69663aca5314
laptop,Help: My laptop is not turning on.,https://www.reddit.com/r/Laptop/comments/1pji8t8/help_my_laptop_is_not_turning_on/,2025-12-10T23:35:51+00:00,df919dc6951c
laptop,$1000 Student Laptop,https://www.reddit.com/r/Laptop/comments/1pjeqmu/1000_student_laptop/,2025-12-10T21:13:36+00:00,ddb4dad07048
laptop,Engineering student laptop,https://www.reddit.com/r/Laptop/comments/1pj6w6q/engineering_student_laptop/,2025-12-10T16:23:37+00:00,4652c3226c6c
laptop,Does a Lenovo loq 15 with 5050(115w tgp) outperform a gigabyte A16 with 5060(80-85w tgp),https://www.reddit.com/r/Laptop/comments/1pixlih/does_a_lenovo_loq_15_with_5050115w_tgp_outperform/,2025-12-10T08:38:39+00:00,08c99e3d2cb3
laptop,Ryzen 350 vs Intel 258V for sw development,https://www.reddit.com/r/Laptop/comments/1piy06o/ryzen_350_vs_intel_258v_for_sw_development/,2025-12-10T09:06:36+00:00,1e55180ae653
laptop,Help choose laptop gift M1 macbook vs ultrabook,https://www.reddit.com/r/Laptop/comments/1pin1t4/help_choose_laptop_gift_m1_macbook_vs_ultrabook/,2025-12-09T23:38:29+00:00,1c5470951bdc
laptop,Should I buy laptop or tablet? Budget strictly 16k,https://www.reddit.com/r/Laptop/comments/1pik1ln/should_i_buy_laptop_or_tablet_budget_strictly_16k/,2025-12-09T21:36:17+00:00,452f8adbf5bc
laptop,What should I do first with my new laptop?,https://www.reddit.com/r/Laptop/comments/1pioi88/what_should_i_do_first_with_my_new_laptop/,2025-12-10T00:41:41+00:00,b51763ac71b9
laptop,Just 38 mins!,https://www.reddit.com/r/Laptop/comments/1pidlx2/just_38_mins/,2025-12-09T17:31:34+00:00,7c5e62fd2f70
laptop,About Hinge Troubles,https://www.reddit.com/r/Laptop/comments/1pihnm0/about_hinge_troubles/,2025-12-09T20:04:02+00:00,83edcf27a6f8
laptop,Acer Nitro V15,https://www.reddit.com/r/Laptop/comments/1pi1bnz/acer_nitro_v15/,2025-12-09T07:22:51+00:00,35c8813be320
laptop,What laptop should i buy?,https://www.reddit.com/r/Laptop/comments/1phx1jw/what_laptop_should_i_buy/,2025-12-09T03:21:48+00:00,b3daefefdf37
laptop,Aero x16 bios issue??,https://www.reddit.com/r/Laptop/comments/1phu39l/aero_x16_bios_issue/,2025-12-09T01:04:28+00:00,d6479da4aed6
laptop,Most reliable laptop for software dev + music production?,https://www.reddit.com/r/Laptop/comments/1phpd5o/most_reliable_laptop_for_software_dev_music/,2025-12-08T21:45:58+00:00,12baef095092
laptop,Ruined my brand new laptop,https://www.reddit.com/r/Laptop/comments/1ph5ffe/ruined_my_brand_new_laptop/,2025-12-08T06:30:44+00:00,8f19827e9064
laptop,Laptop advice,https://www.reddit.com/r/Laptop/comments/1phbc3f/laptop_advice/,2025-12-08T12:37:57+00:00,b751cee78248
laptop,What are you guys buying a laptop for?,https://www.reddit.com/r/Laptop/comments/1pgwxfk/what_are_you_guys_buying_a_laptop_for/,2025-12-07T23:26:13+00:00,54ec630836a3
laptop,p15 i9 processor,https://www.reddit.com/r/Laptop/comments/1pgs6xn/p15_i9_processor/,2025-12-07T20:08:30+00:00,0904bf387b63
laptop,weird noise coming from macbook air m2,https://www.reddit.com/r/Laptop/comments/1pgxcum/weird_noise_coming_from_macbook_air_m2/,2025-12-07T23:45:49+00:00,1720b5926d64
laptop,What could be my problem ? ü§¶üèø‚Äç‚ôÇÔ∏è,https://www.reddit.com/r/Laptop/comments/1pgllui/what_could_be_my_problem/,2025-12-07T15:50:31+00:00,a08736342279
laptop,Best gaming laptop for 800 usd,https://www.reddit.com/r/Laptop/comments/1pfvroo/best_gaming_laptop_for_800_usd/,2025-12-06T18:08:30+00:00,30daeca52798
laptop,New laptop screen hanging,https://www.reddit.com/r/Laptop/comments/1pfv61m/new_laptop_screen_hanging/,2025-12-06T17:44:34+00:00,90b94e4d429b
buildapc,"Simple Questions - December 10, 2025",https://www.reddit.com/r/buildapc/comments/1pjhf7p/simple_questions_december_10_2025/,2025-12-10T23:00:57+00:00,6bc690d29510
buildapc,[USA GIVEAWAY] Win the new 27‚Äù Samsung Odyssey G6 G60SF 500hz OLED gaming monitor!,https://www.reddit.com/r/buildapc/comments/1pfnz1y/usa_giveaway_win_the_new_27_samsung_odyssey_g6/,2025-12-06T12:17:38+00:00,cb67faf6065d
buildapc,CPU stuck to motherboard and will not come off,https://www.reddit.com/r/buildapc/comments/1pji7ar/cpu_stuck_to_motherboard_and_will_not_come_off/,2025-12-10T23:33:58+00:00,41aa485ebd26
buildapc,"Need help picking a GPU, 5070 vs TI vs 9070XT",https://www.reddit.com/r/buildapc/comments/1pjsfnr/need_help_picking_a_gpu_5070_vs_ti_vs_9070xt/,2025-12-11T08:25:28+00:00,a87003d01b21
buildapc,Is pairing a 7800X3D with a 4070 Super a bottleneck or a good match,https://www.reddit.com/r/buildapc/comments/1pj9e04/is_pairing_a_7800x3d_with_a_4070_super_a/,2025-12-10T17:54:28+00:00,08e1e9b78d90
buildapc,Is a CPU Upgrade Worth it?,https://www.reddit.com/r/buildapc/comments/1pjuusu/is_a_cpu_upgrade_worth_it/,2025-12-11T11:05:28+00:00,21255aef48b8
buildapc,Does a single RAM stick makes the overall performance bad?,https://www.reddit.com/r/buildapc/comments/1pjvq4j/does_a_single_ram_stick_makes_the_overall/,2025-12-11T11:57:11+00:00,11f26a78d81e
buildapc,Am I correct in my understanding of current gen CPUs and GPUs?,https://www.reddit.com/r/buildapc/comments/1pjp6lu/am_i_correct_in_my_understanding_of_current_gen/,2025-12-11T05:07:05+00:00,048a42805957
buildapc,"Need help choosing an affordable, leather-free headset/microphone?",https://www.reddit.com/r/buildapc/comments/1pjvvx6/need_help_choosing_an_affordable_leatherfree/,2025-12-11T12:06:06+00:00,a546481854e9
buildapc,Kingston NV1 for games?,https://www.reddit.com/r/buildapc/comments/1pjvo9i/kingston_nv1_for_games/,2025-12-11T11:54:13+00:00,4a52fb9c6ef6
buildapc,Is it worth it to go AM5,https://www.reddit.com/r/buildapc/comments/1pjx1o0/is_it_worth_it_to_go_am5/,2025-12-11T13:06:18+00:00,2592e354f4dd
buildapc,Stay with Intel or switch to AMD,https://www.reddit.com/r/buildapc/comments/1pjt3yp/stay_with_intel_or_switch_to_amd/,2025-12-11T09:11:36+00:00,cf2c51d6db18
buildapc,"New PC, is it coil whine or building issue?",https://www.reddit.com/r/buildapc/comments/1pjwtr5/new_pc_is_it_coil_whine_or_building_issue/,2025-12-11T12:56:00+00:00,51c72a7cb83c
buildapc,My Pc won‚Äôt boot,https://www.reddit.com/r/buildapc/comments/1pjwjrq/my_pc_wont_boot/,2025-12-11T12:41:30+00:00,19f966347d50
buildapc,How good will a 7800x3d and 5070ti work together,https://www.reddit.com/r/buildapc/comments/1pjp10g/how_good_will_a_7800x3d_and_5070ti_work_together/,2025-12-11T04:59:05+00:00,c84a45044410
buildapc,RAM arrived opened. Return it?,https://www.reddit.com/r/buildapc/comments/1piyiaj/ram_arrived_opened_return_it/,2025-12-10T09:40:53+00:00,6bd958c2f219
buildapc,Ryzen or intel CPU,https://www.reddit.com/r/buildapc/comments/1pjlc6e/ryzen_or_intel_cpu/,2025-12-11T01:56:30+00:00,bc42e2924726
buildapc,"New PC built - No sound out of right earphone, tried everything",https://www.reddit.com/r/buildapc/comments/1pjqlas/new_pc_built_no_sound_out_of_right_earphone_tried/,2025-12-11T06:28:15+00:00,8e64f4923162
buildapc,Finish building PC it won't turn on,https://www.reddit.com/r/buildapc/comments/1pju092/finish_building_pc_it_wont_turn_on/,2025-12-11T10:11:16+00:00,db59f0384e45
buildapc,ASUS P8Z77 V LX motherboard - need a new SSD,https://www.reddit.com/r/buildapc/comments/1pjxi1q/asus_p8z77_v_lx_motherboard_need_a_new_ssd/,2025-12-11T13:27:40+00:00,508176610d40
buildapc,Looking for help finding a monitor stand.,https://www.reddit.com/r/buildapc/comments/1pjxgam/looking_for_help_finding_a_monitor_stand/,2025-12-11T13:25:24+00:00,509f7d1b93b0
buildapc,Help choosing pre build or custom with finance option,https://www.reddit.com/r/buildapc/comments/1pjx428/help_choosing_pre_build_or_custom_with_finance/,2025-12-11T13:09:35+00:00,faaeb6ddbea9
buildapc,New build freezes shortly after boot,https://www.reddit.com/r/buildapc/comments/1pjx3dl/new_build_freezes_shortly_after_boot/,2025-12-11T13:08:39+00:00,23c9b17e53b8
buildapc,Appreciate any advice on my PC choice,https://www.reddit.com/r/buildapc/comments/1pjx14h/appreciate_any_advice_on_my_pc_choice/,2025-12-11T13:05:35+00:00,8a39ec528950
buildapc,How to go about setting up an internal pc case screen?,https://www.reddit.com/r/buildapc/comments/1pjx01p/how_to_go_about_setting_up_an_internal_pc_case/,2025-12-11T13:04:10+00:00,7605cdd5ec19
techsupport,Recommended wiki articles (including malware removal),https://www.reddit.com/r/techsupport/comments/oroick/recommended_wiki_articles_including_malware/,2021-07-26T01:23:10+00:00,1a5b0b04e2cf
techsupport,My pc does not output images,https://www.reddit.com/r/techsupport/comments/1pjwvlx/my_pc_does_not_output_images/,2025-12-11T12:58:37+00:00,79e58bbb9194
techsupport,Is it safe to delete Windows\Installer?,https://www.reddit.com/r/techsupport/comments/1pjng29/is_it_safe_to_delete_windowsinstaller/,2025-12-11T03:37:14+00:00,0e8f094482d8
techsupport,my computer is bugging out and its just like bugging out with everything. please help,https://www.reddit.com/r/techsupport/comments/1pjve10/my_computer_is_bugging_out_and_its_just_like/,2025-12-11T11:38:05+00:00,f99fd9534cd7
techsupport,PC Issues,https://www.reddit.com/r/techsupport/comments/1pjsh6l/pc_issues/,2025-12-11T08:28:17+00:00,e2e5a0d3fe1b
techsupport,"my AMD gpu simply doesnt work, i managed to get it to work after clean reinstalling my drivers but now the issue is back.",https://www.reddit.com/r/techsupport/comments/1pjtu7m/my_amd_gpu_simply_doesnt_work_i_managed_to_get_it/,2025-12-11T10:00:41+00:00,a0842ada4f73
techsupport,What is the likelihood I could have gotten a virus?,https://www.reddit.com/r/techsupport/comments/1pjq6we/what_is_the_likelihood_i_could_have_gotten_a_virus/,2025-12-11T06:04:47+00:00,93ce5de4fd36
techsupport,Touch screen glitches when charging,https://www.reddit.com/r/techsupport/comments/1pjxgui/touch_screen_glitches_when_charging/,2025-12-11T13:26:06+00:00,7227bb8459a3
techsupport,"LG 27GL83A Backlight works but no image or OSD, even after replacing the mainboard. Anyone fixed this?",https://www.reddit.com/r/techsupport/comments/1pjxes8/lg_27gl83a_backlight_works_but_no_image_or_osd/,2025-12-11T13:23:27+00:00,7eba5a703720
techsupport,How to permanently disable Windows Defender AntiMalware Service Executable(MsMpEng.exe) on Windows 11 25H2,https://www.reddit.com/r/techsupport/comments/1pjxbjr/how_to_permanently_disable_windows_defender/,2025-12-11T13:19:20+00:00,160bf053b812
techsupport,Mobile Data issue - Nothing Phone (1) - Mint Mobile,https://www.reddit.com/r/techsupport/comments/1pjx9i8/mobile_data_issue_nothing_phone_1_mint_mobile/,2025-12-11T13:16:42+00:00,602e93777ae4
techsupport,Not receiving texts from Iphone,https://www.reddit.com/r/techsupport/comments/1pjx87k/not_receiving_texts_from_iphone/,2025-12-11T13:15:02+00:00,08cc62a41a0e
techsupport,Can't Erase VPN Certifica On My Android,https://www.reddit.com/r/techsupport/comments/1pjx879/cant_erase_vpn_certifica_on_my_android/,2025-12-11T13:15:01+00:00,c1da96cef6ca
techsupport,How can I play sound (pre-recorded voice messages or guitar recordings) over my microphone?,https://www.reddit.com/r/techsupport/comments/1pjx2kx/how_can_i_play_sound_prerecorded_voice_messages/,2025-12-11T13:07:33+00:00,9b5b1b35c2c9
techsupport,Can't enter BIOS,https://www.reddit.com/r/techsupport/comments/1pjwv68/cant_enter_bios/,2025-12-11T12:57:59+00:00,015ce6ac6121
techsupport,HELP! PC won't POST/Boot after changing a single BIOS setting (Gigabyte B550) - Tried everything!,https://www.reddit.com/r/techsupport/comments/1pjwtxx/help_pc_wont_postboot_after_changing_a_single/,2025-12-11T12:56:14+00:00,be18cc915ee1
techsupport,weird usb network adapter connection issue,https://www.reddit.com/r/techsupport/comments/1pjwqpx/weird_usb_network_adapter_connection_issue/,2025-12-11T12:51:39+00:00,349b6712dea9
techsupport,Hdmi to pc duplicate screen blinks loop,https://www.reddit.com/r/techsupport/comments/1pjsy8g/hdmi_to_pc_duplicate_screen_blinks_loop/,2025-12-11T09:00:56+00:00,94476b4d9ad8
techsupport,I bought a new gpu and i‚Äôm having some issues with it,https://www.reddit.com/r/techsupport/comments/1pjwlgr/i_bought_a_new_gpu_and_im_having_some_issues_with/,2025-12-11T12:43:59+00:00,0722828c99cf
techsupport,A Virus Scanner Program Could Scan My USB Stick but I Cannot Open It Because I Lack a .vbs File,https://www.reddit.com/r/techsupport/comments/1pjwk1j/a_virus_scanner_program_could_scan_my_usb_stick/,2025-12-11T12:41:54+00:00,0a29c4f35ee1
techsupport,Steam games crashing,https://www.reddit.com/r/techsupport/comments/1pjwfgs/steam_games_crashing/,2025-12-11T12:35:13+00:00,02f572d1cdbd
techsupport,"Can hear static through headset, then all my peripherals disconnect.",https://www.reddit.com/r/techsupport/comments/1pjsqsj/can_hear_static_through_headset_then_all_my/,2025-12-11T08:46:41+00:00,22c1d9b78b1f
techsupport,Mouse freezes whilst playing Osu!,https://www.reddit.com/r/techsupport/comments/1pjspdi/mouse_freezes_whilst_playing_osu/,2025-12-11T08:44:03+00:00,051f2673deae
techsupport,How do I fix this driver bug?,https://www.reddit.com/r/techsupport/comments/1pjsp26/how_do_i_fix_this_driver_bug/,2025-12-11T08:43:23+00:00,f8014e98111a
techsupport,PC randomly doesn't recognize my GPU,https://www.reddit.com/r/techsupport/comments/1pjsocb/pc_randomly_doesnt_recognize_my_gpu/,2025-12-11T08:42:06+00:00,246986927593
buildapc,750w or 850w PSU?,https://www.reddit.com/r/buildapc/comments/1pjxxzx/750w_or_850w_psu/,2025-12-11T13:48:19+00:00,0307965a92e6
buildapc,"To what degree has Intel ""fixed"" their Ultra CPU's since launch? It's hard to find any updated benchmarks after all the bios updates from the last year.",https://www.reddit.com/r/buildapc/comments/1pjxxn4/to_what_degree_has_intel_fixed_their_ultra_cpus/,2025-12-11T13:47:48+00:00,7629a21acd16
buildapc,ASRock B550 + Gigabyte 3060 Ti: BIOS HARD FREEZE 2 Seconds After Disabling CSM. I Even Force-Flashed the VBIOS!,https://www.reddit.com/r/buildapc/comments/1pjxxgo/asrock_b550_gigabyte_3060_ti_bios_hard_freeze_2/,2025-12-11T13:47:35+00:00,0493a7144258
buildapc,Why does enabling MSI Afterburner custom fan curve make my GPU fans ramp up/down every second? (Gigabyte RTX 3080 Gaming OC rev 1.0),https://www.reddit.com/r/buildapc/comments/1pjxrvl/why_does_enabling_msi_afterburner_custom_fan/,2025-12-11T13:40:22+00:00,92fd1e205b7f
techsupport,PC shutting down after PSU stress test,https://www.reddit.com/r/techsupport/comments/1pjxvub/pc_shutting_down_after_psu_stress_test/,2025-12-11T13:45:27+00:00,d6b03b86e8fb
techsupport,‚ÄúYour device is offline. Please sign in with the last password used on this device.‚Äù,https://www.reddit.com/r/techsupport/comments/1pjxxzd/your_device_is_offline_please_sign_in_with_the/,2025-12-11T13:48:17+00:00,dddf47d887d2
techsupport,laptop typing random letters,https://www.reddit.com/r/techsupport/comments/1pjxmc4/laptop_typing_random_letters/,2025-12-11T13:33:13+00:00,e002bf90e146
buildapc,16 GB of RAM for 2025 PC games is still fine?,https://www.reddit.com/r/buildapc/comments/1pjyikj/16_gb_of_ram_for_2025_pc_games_is_still_fine/,2025-12-11T14:13:33+00:00,7ae3ed964076
buildapc,Can someone please help me with this strange zooming noise coming from my AIO pump?,https://www.reddit.com/r/buildapc/comments/1pjy1bb/can_someone_please_help_me_with_this_strange/,2025-12-11T13:52:29+00:00,79fee21fcc01
buildapc,What's your pattern of building?,https://www.reddit.com/r/buildapc/comments/1pjyttk/whats_your_pattern_of_building/,2025-12-11T14:26:52+00:00,a68008d8b755
buildapc,"I need help picking a GPU with similar prices, which is the best among these 4, help is appreciated.",https://www.reddit.com/r/buildapc/comments/1pjyngh/i_need_help_picking_a_gpu_with_similar_prices/,2025-12-11T14:19:21+00:00,239f3acfa437
buildapc,Montech AIR MAX 903 vs Lian Li Lancool 217,https://www.reddit.com/r/buildapc/comments/1pjyiz6/montech_air_max_903_vs_lian_li_lancool_217/,2025-12-11T14:14:01+00:00,9410c167ea11
buildapc,GPU choice until 2027,https://www.reddit.com/r/buildapc/comments/1pjyh28/gpu_choice_until_2027/,2025-12-11T14:11:43+00:00,32f88b5e3266
buildapc,"BIOS flash taking too long, should I be worried?",https://www.reddit.com/r/buildapc/comments/1pjygsx/bios_flash_taking_too_long_should_i_be_worried/,2025-12-11T14:11:25+00:00,5ecca6a6df10
buildapc,Pc update/upgrade and best way to go about it!,https://www.reddit.com/r/buildapc/comments/1pjygk1/pc_updateupgrade_and_best_way_to_go_about_it/,2025-12-11T14:11:06+00:00,1c83c6bb3a1e
buildapc,"Buy now, or wait for boxing day?",https://www.reddit.com/r/buildapc/comments/1pjyfjb/buy_now_or_wait_for_boxing_day/,2025-12-11T14:09:50+00:00,38b35c440d0c
techsupport,Bios error 4 short beeps,https://www.reddit.com/r/techsupport/comments/1pjyro1/bios_error_4_short_beeps/,2025-12-11T14:24:16+00:00,bc16ac68bd85
techsupport,Am I screwed? My broadband tech support asked me to install ultraviewer software on Windows to configure my internet settings which I had raised a complaint about,https://www.reddit.com/r/techsupport/comments/1pjyrgi/am_i_screwed_my_broadband_tech_support_asked_me/,2025-12-11T14:24:03+00:00,21bdabc6c76e
techsupport,How do I set the port of an Intermec PD43 printer?,https://www.reddit.com/r/techsupport/comments/1pjyg6w/how_do_i_set_the_port_of_an_intermec_pd43_printer/,2025-12-11T14:10:39+00:00,3eee5358eab3
techsupport,"upgraded to 9800x3d with msi b650, pc wont post",https://www.reddit.com/r/techsupport/comments/1pjyd4i/upgraded_to_9800x3d_with_msi_b650_pc_wont_post/,2025-12-11T14:06:54+00:00,1dfdba022f04
techsupport,My TV has bad delay when attempting to stream Steam Link.,https://www.reddit.com/r/techsupport/comments/1pjycz9/my_tv_has_bad_delay_when_attempting_to_stream/,2025-12-11T14:06:44+00:00,b76feb5f3733
techsupport,RAM usage seems high is this normal? if not how do i lower it?,https://www.reddit.com/r/techsupport/comments/1pjybct/ram_usage_seems_high_is_this_normal_if_not_how_do/,2025-12-11T14:04:50+00:00,e4c7f57e444b
techsupport,help with power plan,https://www.reddit.com/r/techsupport/comments/1pjy9fs/help_with_power_plan/,2025-12-11T14:02:33+00:00,a0f99fbc2014
techsupport,My laptop crashed,https://www.reddit.com/r/techsupport/comments/1pjy7fh/my_laptop_crashed/,2025-12-11T14:00:20+00:00,2decfdf42887
buildapc,Motherboard gpu comparability,https://www.reddit.com/r/buildapc/comments/1pjzxsh/motherboard_gpu_comparability/,2025-12-11T15:13:02+00:00,8ec2d356b8a3
buildapc,Midi Tower PC Case for under 100‚Ç¨?.,https://www.reddit.com/r/buildapc/comments/1pk0elq/midi_tower_pc_case_for_under_100/,2025-12-11T15:31:52+00:00,d6072badf26f
buildapc,PC for Clone Hero on a budget,https://www.reddit.com/r/buildapc/comments/1pk0e1g/pc_for_clone_hero_on_a_budget/,2025-12-11T15:31:16+00:00,cd6b3a24e89b
buildapc,Hydroshift II LCD-S in a Lian Li A3 case?,https://www.reddit.com/r/buildapc/comments/1pk0c4r/hydroshift_ii_lcds_in_a_lian_li_a3_case/,2025-12-11T15:29:16+00:00,1b93227bebc7
buildapc,Need Case + AIO Recommendations for 9950X Build,https://www.reddit.com/r/buildapc/comments/1pk0c2w/need_case_aio_recommendations_for_9950x_build/,2025-12-11T15:29:12+00:00,e345eaed3db3
buildapc,Help!!!!,https://www.reddit.com/r/buildapc/comments/1pjzzs9/help/,2025-12-11T15:15:22+00:00,f50f99a0f954
buildapc,Need help with reading MSI Tomahawk PZ bios code (don't laugh),https://www.reddit.com/r/buildapc/comments/1pjzumi/need_help_with_reading_msi_tomahawk_pz_bios_code/,2025-12-11T15:09:19+00:00,5c491186782f
buildapc,Gpus retrocompatability,https://www.reddit.com/r/buildapc/comments/1pjztfk/gpus_retrocompatability/,2025-12-11T15:07:53+00:00,461ebaa1e0eb
techsupport,Files showing up on one pc but not the other,https://www.reddit.com/r/techsupport/comments/1pjz9na/files_showing_up_on_one_pc_but_not_the_other/,2025-12-11T14:45:45+00:00,ad875b7f7e3e
techsupport,Google Bussiness Bulk Verification,https://www.reddit.com/r/techsupport/comments/1pjzfbh/google_bussiness_bulk_verification/,2025-12-11T14:52:11+00:00,8f124991bc70
techsupport,Min veninde svarer mig ikke mere p√• Snapchat,https://www.reddit.com/r/techsupport/comments/1pjzbim/min_veninde_svarer_mig_ikke_mere_p√•_snapchat/,2025-12-11T14:47:57+00:00,d5b9d53d349a
techsupport,Virus keeps opening tabs on Google chrome.,https://www.reddit.com/r/techsupport/comments/1pjz4ud/virus_keeps_opening_tabs_on_google_chrome/,2025-12-11T14:40:02+00:00,1ce8c0c8daff
techsupport,Multiple horizontal lines through text when scrolling Chrome and Discord,https://www.reddit.com/r/techsupport/comments/1pjywnk/multiple_horizontal_lines_through_text_when/,2025-12-11T14:30:15+00:00,ce863f98d145
techsupport,Free Download Files,https://www.reddit.com/r/techsupport/comments/1pk0fvm/free_download_files/,2025-12-11T15:33:22+00:00,3d9d8186d547
techsupport,My motherboard BIOS is outdated by 25 updates... is it good to jump to the latest one?,https://www.reddit.com/r/techsupport/comments/1pk0e0r/my_motherboard_bios_is_outdated_by_25_updates_is/,2025-12-11T15:31:15+00:00,72ac5922ec37
techsupport,Please Help Network won‚Äôt work after I used VPN,https://www.reddit.com/r/techsupport/comments/1pk0b0k/please_help_network_wont_work_after_i_used_vpn/,2025-12-11T15:27:59+00:00,dec6f70ff141
techsupport,PLS HELP me I keep getting BSODs on my laptop,https://www.reddit.com/r/techsupport/comments/1pk05ly/pls_help_me_i_keep_getting_bsods_on_my_laptop/,2025-12-11T15:22:05+00:00,0808a3ddb985
techsupport,Bad Batch of HP EliteOne 870 G9 AIOs - Mouse moves but can't click,https://www.reddit.com/r/techsupport/comments/1pjzuwu/bad_batch_of_hp_eliteone_870_g9_aios_mouse_moves/,2025-12-11T15:09:40+00:00,9cc22e8041c9
techsupport,PROBLEMAS CON PC MSI B650 Gaming Plus WiFi | PUERTOS CON FALLOS,https://www.reddit.com/r/techsupport/comments/1pjzuma/problemas_con_pc_msi_b650_gaming_plus_wifi/,2025-12-11T15:09:18+00:00,3d5b26c51fa4
techsupport,Help require to Change isp router(genexis P4410) to tplink xx530v [gpon router],https://www.reddit.com/r/techsupport/comments/1pjzqjf/help_require_to_change_isp_routergenexis_p4410_to/,2025-12-11T15:04:39+00:00,a5dd2dbb8472
techsupport,Battery damage while trying to replace?,https://www.reddit.com/r/techsupport/comments/1pjzk79/battery_damage_while_trying_to_replace/,2025-12-11T14:57:42+00:00,0b8ee9f55938
techsupport,Creating a custom setup for Ableton Live between a portable touchscreen and my main screen on Windows.,https://www.reddit.com/r/techsupport/comments/1pjzita/creating_a_custom_setup_for_ableton_live_between/,2025-12-11T14:56:09+00:00,f8281cd9a5ca
laptop,My Laptop Not Showing Charging Indicator After Installing New Battery,https://www.reddit.com/r/Laptop/comments/1pk12x2/my_laptop_not_showing_charging_indicator_after/,2025-12-11T15:58:40+00:00,fc62a5878429
laptop,"Help me identify an ideal laptop for a retiring professional educator, <=$1000 USD",https://www.reddit.com/r/Laptop/comments/1pk1key/help_me_identify_an_ideal_laptop_for_a_retiring/,2025-12-11T16:17:07+00:00,e0567f98fee7
buildapc,Will G.Skill Trident Z5 RGB DDR5-6400 (F5-6400J3239G16GA2-TZ5RK) run at 6000 MT/s on Gigabyte B650 EAGLE AX with Ryzen 7 7800X3D?,https://www.reddit.com/r/buildapc/comments/1pjzcbh/will_gskill_trident_z5_rgb_ddr56400/,2025-12-11T14:48:52+00:00,0bdb9a85bc41
buildapc,What would be good GPUs to get in todays market?,https://www.reddit.com/r/buildapc/comments/1pk25dq/what_would_be_good_gpus_to_get_in_todays_market/,2025-12-11T16:39:31+00:00,3defd5bd0c75
buildapc,1080p Gaming Build,https://www.reddit.com/r/buildapc/comments/1pk257t/1080p_gaming_build/,2025-12-11T16:39:21+00:00,29a9189a3b7e
buildapc,Please help me with RAM compatibility,https://www.reddit.com/r/buildapc/comments/1pk1zxn/please_help_me_with_ram_compatibility/,2025-12-11T16:33:32+00:00,55500fc421b7
buildapc,"Help me decide between 9060 xt 16gb, 5060 ti 16gb, and a 7900 gre.",https://www.reddit.com/r/buildapc/comments/1pk1woi/help_me_decide_between_9060_xt_16gb_5060_ti_16gb/,2025-12-11T16:30:13+00:00,aba13487a839
buildapc,CPU upgrade for my server from Ryzen 7 1700X to Ryzen 7 5800X or Ryzen 9 5950X?,https://www.reddit.com/r/buildapc/comments/1pk1tdv/cpu_upgrade_for_my_server_from_ryzen_7_1700x_to/,2025-12-11T16:26:47+00:00,d1da54a87453
buildapc,"Just ordered my first custom PC, is it true GPU prices are at an all time low? Should I try and get ahold of a better card while I can? Ryzen 5 4500 with GTX 1650",https://www.reddit.com/r/buildapc/comments/1pk1ppz/just_ordered_my_first_custom_pc_is_it_true_gpu/,2025-12-11T16:23:05+00:00,f5bbb4de84d4
buildapc,What Power Suppy should I chose,https://www.reddit.com/r/buildapc/comments/1pk1nmx/what_power_suppy_should_i_chose/,2025-12-11T16:20:46+00:00,f586f73fc799
buildapc,I wanna build a white am5 pc but the only parts i know i want is a screen where i can put a gif or something on and the li an li 011 vision compact (budget around 1000‚Ç¨) playing rocket league and fortnite,https://www.reddit.com/r/buildapc/comments/1pk1mod/i_wanna_build_a_white_am5_pc_but_the_only_parts_i/,2025-12-11T16:19:41+00:00,83a6f4d5b59e
techsupport,Every single ad I see on YouTube is in German,https://www.reddit.com/r/techsupport/comments/1pk0ymm/every_single_ad_i_see_on_youtube_is_in_german/,2025-12-11T15:54:13+00:00,6cf31e7ee2c0
techsupport,Left Audio Volume Not Working?,https://www.reddit.com/r/techsupport/comments/1pk0vyh/left_audio_volume_not_working/,2025-12-11T15:51:21+00:00,3c144049a27f
techsupport,How do I clone my desktop's C) drive to a new laptop without removing the m.2 from the laptop (booting cloning software from an external). I have done this before but I simply forgot what I did.,https://www.reddit.com/r/techsupport/comments/1pk0qfs/how_do_i_clone_my_desktops_c_drive_to_a_new/,2025-12-11T15:45:10+00:00,34d3c9afc854
techsupport,Internet connection issue,https://www.reddit.com/r/techsupport/comments/1pk0mtx/internet_connection_issue/,2025-12-11T15:41:07+00:00,29dedd99d4dc
techsupport,iPhone autocorrect keeps changing ‚ÄúThe‚Äù to ‚ÄúThea‚Äù,https://www.reddit.com/r/techsupport/comments/1pk235u/iphone_autocorrect_keeps_changing_the_to_thea/,2025-12-11T16:37:03+00:00,df93b2e9eb64
techsupport,I need help finding an adapter,https://www.reddit.com/r/techsupport/comments/1pk215t/i_need_help_finding_an_adapter/,2025-12-11T16:34:55+00:00,f05da3a03dc0
techsupport,ROG Strix G513IC screen black but external monitor works. backlight or cable issue?,https://www.reddit.com/r/techsupport/comments/1pk1ylm/rog_strix_g513ic_screen_black_but_external/,2025-12-11T16:32:10+00:00,fa4281486902
techsupport,Help! New PC has extreme packet loss/latency issues when gaming,https://www.reddit.com/r/techsupport/comments/1pk1o0g/help_new_pc_has_extreme_packet_losslatency_issues/,2025-12-11T16:21:12+00:00,b53ac0a82b5e
techsupport,Monitors RGB WHY?!!!!!!,https://www.reddit.com/r/techsupport/comments/1pk1jvq/monitors_rgb_why/,2025-12-11T16:16:32+00:00,949eb827c28c
techsupport,I think my laptop is dead,https://www.reddit.com/r/techsupport/comments/1pk11xi/i_think_my_laptop_is_dead/,2025-12-11T15:57:48+00:00,506f1ad91b56
techsupport,Almost all videos stopping every few seconds,https://www.reddit.com/r/techsupport/comments/1pk0zel/almost_all_videos_stopping_every_few_seconds/,2025-12-11T15:55:04+00:00,e3decdd3d2e2
techsupport,Crashes after using Ryzen Master for OC,https://www.reddit.com/r/techsupport/comments/1pk0yjv/crashes_after_using_ryzen_master_for_oc/,2025-12-11T15:54:09+00:00,d276a27bc421
techsupport,Need to factory reset: can't open settings!,https://www.reddit.com/r/techsupport/comments/1pk0yhp/need_to_factory_reset_cant_open_settings/,2025-12-11T15:54:05+00:00,21ac4c0668df
laptop,MacBook Air m4 256gb vs 512 gb?,https://www.reddit.com/r/Laptop/comments/1pk2rd8/macbook_air_m4_256gb_vs_512_gb/,2025-12-11T17:03:00+00:00,83ffd4c31f2d
buildapc,I'm undecided between the 9060XT 8gb and 9060XT 16gb,https://www.reddit.com/r/buildapc/comments/1pk38i2/im_undecided_between_the_9060xt_8gb_and_9060xt/,2025-12-11T17:21:24+00:00,602c21f0848e
buildapc,TIL Hot-swappable SATA HDD doesn't mean what you think it means,https://www.reddit.com/r/buildapc/comments/1pk2lva/til_hotswappable_sata_hdd_doesnt_mean_what_you/,2025-12-11T16:57:28+00:00,73c47d0eac6c
buildapc,Any website?,https://www.reddit.com/r/buildapc/comments/1pk2go1/any_website/,2025-12-11T16:51:50+00:00,0809ccfb4ea3
buildapc,Gpu upgrade?,https://www.reddit.com/r/buildapc/comments/1pk178y/gpu_upgrade/,2025-12-11T16:03:12+00:00,fc9a48cb52ac
buildapc,suggest for a quiet new build,https://www.reddit.com/r/buildapc/comments/1pk0vg4/suggest_for_a_quiet_new_build/,2025-12-11T15:50:50+00:00,b8209e34dcf3
buildapc,Can I use psu cables from the same brand and series of corsair psu?,https://www.reddit.com/r/buildapc/comments/1pk3i0c/can_i_use_psu_cables_from_the_same_brand_and/,2025-12-11T17:31:30+00:00,376ebbfe54f1
buildapc,What GPU would you plug in a 2013 build for diablo iv.,https://www.reddit.com/r/buildapc/comments/1pk3g9h/what_gpu_would_you_plug_in_a_2013_build_for/,2025-12-11T17:29:45+00:00,55ab84b6310e
buildapc,T-FORCE vs Crucial p310,https://www.reddit.com/r/buildapc/comments/1pk3fp3/tforce_vs_crucial_p310/,2025-12-11T17:29:10+00:00,2d90c266f2b4
buildapc,Dropped new gamepc with Sealed Air Foam inside,https://www.reddit.com/r/buildapc/comments/1pk3efb/dropped_new_gamepc_with_sealed_air_foam_inside/,2025-12-11T17:27:49+00:00,784573c5b9f8
buildapc,Need advice on picking my next CPU Cooler,https://www.reddit.com/r/buildapc/comments/1pk3cx0/need_advice_on_picking_my_next_cpu_cooler/,2025-12-11T17:26:11+00:00,e93b09fd94b1
techsupport,Razer Blade 15 - Dim screen if I enable dedicated GPU,https://www.reddit.com/r/techsupport/comments/1pk2d4w/razer_blade_15_dim_screen_if_i_enable_dedicated/,2025-12-11T16:47:54+00:00,5d1abc34a3d0
techsupport,Power indicator,https://www.reddit.com/r/techsupport/comments/1pk3h8k/power_indicator/,2025-12-11T17:30:43+00:00,69f7cb5a5b28
techsupport,CD-R keeps connecting/disconnecting but works fine with DVDs.,https://www.reddit.com/r/techsupport/comments/1pk3a7h/cdr_keeps_connectingdisconnecting_but_works_fine/,2025-12-11T17:23:19+00:00,a2cbf33af78d
techsupport,Screen is flickering,https://www.reddit.com/r/techsupport/comments/1pk2tkh/screen_is_flickering/,2025-12-11T17:05:18+00:00,5ae059acb6ab
techsupport,Please I am being hacked I‚Äôm about to crash out,https://www.reddit.com/r/techsupport/comments/1pk2rbg/please_i_am_being_hacked_im_about_to_crash_out/,2025-12-11T17:02:58+00:00,bcb7abb3da28
techsupport,System Data IPhone storage,https://www.reddit.com/r/techsupport/comments/1pk2fzc/system_data_iphone_storage/,2025-12-11T16:51:04+00:00,28ce4c3ba24d
techsupport,Motherboard DOA?,https://www.reddit.com/r/techsupport/comments/1pk2fpi/motherboard_doa/,2025-12-11T16:50:45+00:00,b2e7eaa868f3
techsupport,Directx 9.0c not compatible,https://www.reddit.com/r/techsupport/comments/1pk2e3m/directx_90c_not_compatible/,2025-12-11T16:48:59+00:00,80d51f7b0422
techsupport,Remove List of Cameras on Mac's FaceTime?,https://www.reddit.com/r/techsupport/comments/1pk2dbn/remove_list_of_cameras_on_macs_facetime/,2025-12-11T16:48:08+00:00,b5ef8e5c55ee
techsupport,Random .exe Located in Startup,https://www.reddit.com/r/techsupport/comments/1pk2cy2/random_exe_located_in_startup/,2025-12-11T16:47:41+00:00,3d96c045a7ad
buildapc,PS5 or PC?,https://www.reddit.com/r/buildapc/comments/1pk4fza/ps5_or_pc/,2025-12-11T18:07:29+00:00,58f9119e0b09
buildapc,pc crashing on several games that it meets recommended specs for,https://www.reddit.com/r/buildapc/comments/1pk43v4/pc_crashing_on_several_games_that_it_meets/,2025-12-11T17:54:58+00:00,722a4905ff3f
buildapc,PC Building Hacks,https://www.reddit.com/r/buildapc/comments/1pk3nld/pc_building_hacks/,2025-12-11T17:37:32+00:00,008dd2431138
buildapc,Advice on ~$1500 Gaming/Streaming Build,https://www.reddit.com/r/buildapc/comments/1pk51wg/advice_on_1500_gamingstreaming_build/,2025-12-11T18:30:57+00:00,4856168028f2
buildapc,Microphone echoes headphones but cannot pick up my own voice.,https://www.reddit.com/r/buildapc/comments/1pk4smr/microphone_echoes_headphones_but_cannot_pick_up/,2025-12-11T18:21:00+00:00,50f48db74f00
buildapc,"I want to double my 128GB of RAM to 256GB, but I can't get the same make. With new sticks is it better to match speeds, capacity, brand? Which configuration is best?",https://www.reddit.com/r/buildapc/comments/1pk4ox9/i_want_to_double_my_128gb_of_ram_to_256gb_but_i/,2025-12-11T18:17:02+00:00,80c28b4e006f
techsupport,"Ethernet/ WiFi doesn't work, my mouse is glitched and my second monitor doesn't work please help.",https://www.reddit.com/r/techsupport/comments/1pk5bd9/ethernet_wifi_doesnt_work_my_mouse_is_glitched/,2025-12-11T18:41:18+00:00,c28da45820a2
techsupport,Corrupted Samsung SSD,https://www.reddit.com/r/techsupport/comments/1pk5b22/corrupted_samsung_ssd/,2025-12-11T18:40:58+00:00,142c85398ba5
techsupport,How to change tv remote frequency?,https://www.reddit.com/r/techsupport/comments/1pk54xk/how_to_change_tv_remote_frequency/,2025-12-11T18:34:18+00:00,90b64358c8c1
techsupport,GPU fans wont work,https://www.reddit.com/r/techsupport/comments/1pk54ly/gpu_fans_wont_work/,2025-12-11T18:33:56+00:00,63b3437be2d0
techsupport,M.2 slots sharing bandwith with PCIE slots question.,https://www.reddit.com/r/techsupport/comments/1pk54kf/m2_slots_sharing_bandwith_with_pcie_slots_question/,2025-12-11T18:33:53+00:00,8ae1dd1c66e0
techsupport,GPU fans wont work,https://www.reddit.com/r/techsupport/comments/1pk54fw/gpu_fans_wont_work/,2025-12-11T18:33:46+00:00,5d2e799aef7f
techsupport,CPU runs 35c cool in BIOS but 65-70c in idle?,https://www.reddit.com/r/techsupport/comments/1pk5110/cpu_runs_35c_cool_in_bios_but_6570c_in_idle/,2025-12-11T18:30:01+00:00,b71c587c2de4
techsupport,PS4 Controller on PC Randomly Disconnecting (Light Blue ‚Üí Dark Blue Flash ‚Üí Reconnect),https://www.reddit.com/r/techsupport/comments/1pk50f3/ps4_controller_on_pc_randomly_disconnecting_light/,2025-12-11T18:29:22+00:00,537efc1856de
techsupport,My iPhones screen goes dark for several seconds while watching tv/movies on all sorts of streaming apps,https://www.reddit.com/r/techsupport/comments/1pk4svh/my_iphones_screen_goes_dark_for_several_seconds/,2025-12-11T18:21:16+00:00,b4472f5e920e
techsupport,WiFi and Bluetooth constantly disappearing?l on Lenovo,https://www.reddit.com/r/techsupport/comments/1pk4q5t/wifi_and_bluetooth_constantly_disappearingl_on/,2025-12-11T18:18:23+00:00,88f63ebb1605
techsupport,No display after trying to setup secure boot.,https://www.reddit.com/r/techsupport/comments/1pk4mks/no_display_after_trying_to_setup_secure_boot/,2025-12-11T18:14:30+00:00,1bcec9d8d033
techsupport,Asus XG-C100C temp readings?,https://www.reddit.com/r/techsupport/comments/1pk4kn9/asus_xgc100c_temp_readings/,2025-12-11T18:12:30+00:00,9610218d48d5
laptop,Acer Aspire A717 - fan issue?,https://www.reddit.com/r/Laptop/comments/1pk5rtn/acer_aspire_a717_fan_issue/,2025-12-11T18:58:56+00:00,845742b4d90a
laptop,Monitor started flickering when connected to my external monitor,https://www.reddit.com/r/Laptop/comments/1pk5hr6/monitor_started_flickering_when_connected_to_my/,2025-12-11T18:48:10+00:00,1fd5bb1fd4da
buildapc,Disk checker,https://www.reddit.com/r/buildapc/comments/1pk6ek1/disk_checker/,2025-12-11T19:23:13+00:00,68cb464d8cad
buildapc,7800x3D + RTX 3060(1.5 year review ),https://www.reddit.com/r/buildapc/comments/1pk6b7p/7800x3d_rtx_306015_year_review/,2025-12-11T19:19:27+00:00,c779bc373a97
techsupport,Internet randomly disconects and reconects a few seconds later.,https://www.reddit.com/r/techsupport/comments/1pk67og/internet_randomly_disconects_and_reconects_a_few/,2025-12-11T19:15:31+00:00,7c43ed9109e4
techsupport,Screen flickering to WiFi tv after windows update (both 10 and 11),https://www.reddit.com/r/techsupport/comments/1pk33qn/screen_flickering_to_wifi_tv_after_windows_update/,2025-12-11T17:16:13+00:00,cc16d510ebbf
techsupport,Can't deactivate F & O tables in Microsoft Synapse link,https://www.reddit.com/r/techsupport/comments/1pk6ejd/cant_deactivate_f_o_tables_in_microsoft_synapse/,2025-12-11T19:23:12+00:00,cb41995148ce
techsupport,Portable monitor at half-brightness when connected via USB dongle,https://www.reddit.com/r/techsupport/comments/1pk6e78/portable_monitor_at_halfbrightness_when_connected/,2025-12-11T19:22:48+00:00,51d0eb1611bb
techsupport,Unrecognized successful log-in Outlook,https://www.reddit.com/r/techsupport/comments/1pk6cjs/unrecognized_successful_login_outlook/,2025-12-11T19:20:55+00:00,9c7f9c0d381f
techsupport,New GPU (Gigabyte RTX 5060 Ti 16GB Gaming OC) causing freezes in games and desktop - is it defective? Need help before returning,https://www.reddit.com/r/techsupport/comments/1pk68lg/new_gpu_gigabyte_rtx_5060_ti_16gb_gaming_oc/,2025-12-11T19:16:31+00:00,bac1bcfc4bf2
techsupport,Why is there a weird version of chrome opening when I open the Xbox app?,https://www.reddit.com/r/techsupport/comments/1pk67aq/why_is_there_a_weird_version_of_chrome_opening/,2025-12-11T19:15:09+00:00,3571ca472fa2
techsupport,"Windows 11 Laptop will not start, Goes to a blue screen of death everytime. Asks me for a recovery key, Which I've inputted to no avail.",https://www.reddit.com/r/techsupport/comments/1pk66b7/windows_11_laptop_will_not_start_goes_to_a_blue/,2025-12-11T19:14:08+00:00,20976a40ae67
techsupport,Wi-Fi stops working randomly and PC completely freezes when trying to connect,https://www.reddit.com/r/techsupport/comments/1pk637l/wifi_stops_working_randomly_and_pc_completely/,2025-12-11T19:10:49+00:00,c70f7018a62f
techsupport,Qware headset,https://www.reddit.com/r/techsupport/comments/1pk61l5/qware_headset/,2025-12-11T19:09:03+00:00,2872529f2c6b
techsupport,Intel WiFi driver connection issues,https://www.reddit.com/r/techsupport/comments/1pk5yem/intel_wifi_driver_connection_issues/,2025-12-11T19:05:30+00:00,234036b2fd87
techsupport,Keyboard big problem,https://www.reddit.com/r/techsupport/comments/1pk5wyy/keyboard_big_problem/,2025-12-11T19:04:02+00:00,40cbaef8b5cc
techsupport,Shocking Even if the lid angle is slightly tilted Laptop shuts off abruptly :(,https://www.reddit.com/r/techsupport/comments/1pk5wuk/shocking_even_if_the_lid_angle_is_slightly_tilted/,2025-12-11T19:03:54+00:00,3adb423e3fea
techsupport,iPhone 16 plugged into my government work computer,https://www.reddit.com/r/techsupport/comments/1pk5sbt/iphone_16_plugged_into_my_government_work_computer/,2025-12-11T18:59:26+00:00,37f95bc94113
techsupport,IPhone 14: Internet not connecting but only sort of,https://www.reddit.com/r/techsupport/comments/1pk5ps3/iphone_14_internet_not_connecting_but_only_sort_of/,2025-12-11T18:56:44+00:00,7cec20442237
buildapc,Is it actually possible to have good cable managment in one's gaming setup? Does anyone have any tips?,https://www.reddit.com/r/buildapc/comments/1pk6ngv/is_it_actually_possible_to_have_good_cable/,2025-12-11T19:32:54+00:00,0bcedbacd3e7
buildapc,New GPU (Gigabyte RTX 5060 Ti 16GB Gaming OC) causing freezes in games and desktop - is it defective? Need help before returning,https://www.reddit.com/r/buildapc/comments/1pk660r/new_gpu_gigabyte_rtx_5060_ti_16gb_gaming_oc/,2025-12-11T19:13:49+00:00,762b27d9db99
buildapc,bf's pc is freezing up after buying new GPU,https://www.reddit.com/r/buildapc/comments/1pk7tzf/bfs_pc_is_freezing_up_after_buying_new_gpu/,2025-12-11T20:19:27+00:00,9a094cfcfe7a
buildapc,Is it ok to have 6 case fans connected to one argb and power pin on the motherboard?,https://www.reddit.com/r/buildapc/comments/1pk73jw/is_it_ok_to_have_6_case_fans_connected_to_one/,2025-12-11T19:50:33+00:00,cc12fadbda50
buildapc,Upgrade or Hold on?,https://www.reddit.com/r/buildapc/comments/1pk6k13/upgrade_or_hold_on/,2025-12-11T19:29:13+00:00,31874f2b090c
buildapc,is my gpu dying?,https://www.reddit.com/r/buildapc/comments/1pk5xr3/is_my_gpu_dying/,2025-12-11T19:04:51+00:00,b48e16ed975b
techsupport,Phone is laggy,https://www.reddit.com/r/techsupport/comments/1pk6u4o/phone_is_laggy/,2025-12-11T19:40:10+00:00,f587308c5d96
techsupport,"Need MiniDMPS analysed, pointed here r/WindowsHelp (specs and context in post)",https://www.reddit.com/r/techsupport/comments/1pk844l/need_minidmps_analysed_pointed_here_rwindowshelp/,2025-12-11T20:31:15+00:00,683e61684cfc
techsupport,Testing Cell Reception,https://www.reddit.com/r/techsupport/comments/1pk838x/testing_cell_reception/,2025-12-11T20:30:14+00:00,da340b3ec5a5
techsupport,pc resolution is wrong?,https://www.reddit.com/r/techsupport/comments/1pk835c/pc_resolution_is_wrong/,2025-12-11T20:30:08+00:00,2071739f2d32
techsupport,"PC crashing under load - replacing a 7‚Äëyear‚Äëold RM650x, should I also repad my RTX 2080?",https://www.reddit.com/r/techsupport/comments/1pk82yh/pc_crashing_under_load_replacing_a_7yearold/,2025-12-11T20:29:56+00:00,fb3464d4027d
techsupport,Updated bios now admin password not working,https://www.reddit.com/r/techsupport/comments/1pk7w0n/updated_bios_now_admin_password_not_working/,2025-12-11T20:21:48+00:00,6f6b3b6d0d07
techsupport,PowerSpec 527 issues. Bad RAM?,https://www.reddit.com/r/techsupport/comments/1pk7sfu/powerspec_527_issues_bad_ram/,2025-12-11T20:17:39+00:00,8d5121e25191
techsupport,SECURE BOOT MESSED UP MOBO,https://www.reddit.com/r/techsupport/comments/1pk7i9b/secure_boot_messed_up_mobo/,2025-12-11T20:06:26+00:00,036169d8ffbc
techsupport,PC won't boot in dual channel!,https://www.reddit.com/r/techsupport/comments/1pk7hdv/pc_wont_boot_in_dual_channel/,2025-12-11T20:05:30+00:00,dc2c208f7899
techsupport,VPN blocking?,https://www.reddit.com/r/techsupport/comments/1pk795i/vpn_blocking/,2025-12-11T19:56:45+00:00,6a1d2be709f3
techsupport,Help with Ipad,https://www.reddit.com/r/techsupport/comments/1pk78db/help_with_ipad/,2025-12-11T19:55:54+00:00,5f7428ce11a4
techsupport,BT Advanced phone Z problem no red light play button?,https://www.reddit.com/r/techsupport/comments/1pk70ae/bt_advanced_phone_z_problem_no_red_light_play/,2025-12-11T19:46:56+00:00,4d8033b88ba7
techsupport,Infected HDD swap with clean HDD (Windows 11 Computer),https://www.reddit.com/r/techsupport/comments/1pk7037/infected_hdd_swap_with_clean_hdd_windows_11/,2025-12-11T19:46:45+00:00,1a97e7ba118b
techsupport,GPU crash + certain websites not working?,https://www.reddit.com/r/techsupport/comments/1pk6rfp/gpu_crash_certain_websites_not_working/,2025-12-11T19:37:13+00:00,9335aae45810
techsupport,app refusing to download/update,https://www.reddit.com/r/techsupport/comments/1pk6pvk/app_refusing_to_downloadupdate/,2025-12-11T19:35:30+00:00,fb19d267a25a
techsupport,My 2023 Asus Tuf a16 wont turn on,https://www.reddit.com/r/techsupport/comments/1pk6nt5/my_2023_asus_tuf_a16_wont_turn_on/,2025-12-11T19:33:17+00:00,9ea184dd223f
laptop,Asus Zenbook 14,https://www.reddit.com/r/Laptop/comments/1pk8tg1/asus_zenbook_14/,2025-12-11T20:59:17+00:00,4c50c0a17d16
buildapc,Having Trouble Installing Windows 10,https://www.reddit.com/r/buildapc/comments/1pk9cfw/having_trouble_installing_windows_10/,2025-12-11T21:20:21+00:00,2b1fa1df0f99
buildapc,Updating motherboard bios,https://www.reddit.com/r/buildapc/comments/1pk9k4r/updating_motherboard_bios/,2025-12-11T21:28:49+00:00,2bde6e9050d5
buildapc,Help with Air cooler,https://www.reddit.com/r/buildapc/comments/1pk9hp0/help_with_air_cooler/,2025-12-11T21:26:03+00:00,b1d6b03d4406
techsupport,Virtual keyboard keep appearing,https://www.reddit.com/r/techsupport/comments/1pk8rq8/virtual_keyboard_keep_appearing/,2025-12-11T20:57:26+00:00,406f5c9afefe
techsupport,phone's bluetooth doesn't see any other devices,https://www.reddit.com/r/techsupport/comments/1pk8air/phones_bluetooth_doesnt_see_any_other_devices/,2025-12-11T20:38:35+00:00,d5f9c8b8b140
techsupport,Is it possible to a have a pc use one wifi while hosting another?,https://www.reddit.com/r/techsupport/comments/1pk89ci/is_it_possible_to_a_have_a_pc_use_one_wifi_while/,2025-12-11T20:37:18+00:00,47b476ac9de0
techsupport,My pc gets slower when i download huge files,https://www.reddit.com/r/techsupport/comments/1pk9i2c/my_pc_gets_slower_when_i_download_huge_files/,2025-12-11T21:26:28+00:00,b9849f9d0114
techsupport,"Android problem: Fastboot, Safe Mode and Volume triggering itself.",https://www.reddit.com/r/techsupport/comments/1pk96tr/android_problem_fastboot_safe_mode_and_volume/,2025-12-11T21:14:10+00:00,23caa8f568d1
techsupport,"Im pretty sure i donwloaded a malware, dont have experience handling it.",https://www.reddit.com/r/techsupport/comments/1pk90d7/im_pretty_sure_i_donwloaded_a_malware_dont_have/,2025-12-11T21:06:54+00:00,5471697586f6
techsupport,HDD install generic dvr,https://www.reddit.com/r/techsupport/comments/1pk90cl/hdd_install_generic_dvr/,2025-12-11T21:06:53+00:00,4b12839dd191
techsupport,"B550 Aorus Elite V2 internet slows down suddenly from 60MBps to around 0,2MBps",https://www.reddit.com/r/techsupport/comments/1pk8n8l/b550_aorus_elite_v2_internet_slows_down_suddenly/,2025-12-11T20:52:21+00:00,7250ee205d66
techsupport,"I closed my pc after waiting 6 hours for this. ""Repairing disk errors. This might take over an hour to complete"" After restarting pc, I went into a loop of preparing automatic repair.",https://www.reddit.com/r/techsupport/comments/1pk8l31/i_closed_my_pc_after_waiting_6_hours_for_this/,2025-12-11T20:50:06+00:00,bff151ad9fd2
techsupport,My GPU shuts down every time i open a program,https://www.reddit.com/r/techsupport/comments/1pk8k8d/my_gpu_shuts_down_every_time_i_open_a_program/,2025-12-11T20:49:09+00:00,039f5cea4a4c
techsupport,"Getting ‚ÄúUnusual Sign-In Activity‚Äù Emails from Gmail Every 1‚Äì2 Hours ‚Äî No Unknown Devices, No Suspicious Apps",https://www.reddit.com/r/techsupport/comments/1pk8ijo/getting_unusual_signin_activity_emails_from_gmail/,2025-12-11T20:47:25+00:00,1d37bd81ab60
techsupport,PC won‚Äôt start - have tried EVERYTHING,https://www.reddit.com/r/techsupport/comments/1pk8ez8/pc_wont_start_have_tried_everything/,2025-12-11T20:43:26+00:00,3e015b721c22
techsupport,My pc flash black screen and then it becomes frozen,https://www.reddit.com/r/techsupport/comments/1pk8cle/my_pc_flash_black_screen_and_then_it_becomes/,2025-12-11T20:40:49+00:00,70d62f28f763
techsupport,Theres smth rattling around inside my laptop,https://www.reddit.com/r/techsupport/comments/1pk8a68/theres_smth_rattling_around_inside_my_laptop/,2025-12-11T20:38:13+00:00,77fc240d06d4
techsupport,Buffer Bloat,https://www.reddit.com/r/techsupport/comments/1pk84hh/buffer_bloat/,2025-12-11T20:31:39+00:00,b84404e3ff9a
buildapc,Stolen RTX 5070TI,https://www.reddit.com/r/buildapc/comments/1pka8yg/stolen_rtx_5070ti/,2025-12-11T21:56:56+00:00,e7a059beaf56
buildapc,Need help on the proper power supply cable for a 5080 Founders Edition GPU,https://www.reddit.com/r/buildapc/comments/1pk9a1t/need_help_on_the_proper_power_supply_cable_for_a/,2025-12-11T21:17:48+00:00,dbd71875a1c5
buildapc,Help with GPU support please,https://www.reddit.com/r/buildapc/comments/1pk8yfl/help_with_gpu_support_please/,2025-12-11T21:04:49+00:00,1f67485efe8e
buildapc,GPU connection help,https://www.reddit.com/r/buildapc/comments/1pkb0hq/gpu_connection_help/,2025-12-11T22:28:14+00:00,6a0f16a5e92d
buildapc,Rtx 5060 ti 16 gb or 5070 for rendering and gaming,https://www.reddit.com/r/buildapc/comments/1pkawsx/rtx_5060_ti_16_gb_or_5070_for_rendering_and_gaming/,2025-12-11T22:23:51+00:00,52deae80e5bd
techsupport,"Intel CPU warranty rejected - claim my CPU is ""remarked""",https://www.reddit.com/r/techsupport/comments/1pkabl5/intel_cpu_warranty_rejected_claim_my_cpu_is/,2025-12-11T21:59:46+00:00,ef74f1cd3c59
techsupport,Old Authenticator cancellation and setting up a new one! Help please,https://www.reddit.com/r/techsupport/comments/1pka13y/old_authenticator_cancellation_and_setting_up_a/,2025-12-11T21:47:57+00:00,d977bf614f52
techsupport,Is it normal for a pendrive to oscillate down to 0KB/s?,https://www.reddit.com/r/techsupport/comments/1pkaw87/is_it_normal_for_a_pendrive_to_oscillate_down_to/,2025-12-11T22:23:11+00:00,e9383c452463
techsupport,Weird interaction with Bios Flashback,https://www.reddit.com/r/techsupport/comments/1pkaryg/weird_interaction_with_bios_flashback/,2025-12-11T22:18:13+00:00,56f1926bba12
techsupport,Redragon Magic Wand Mini Pro Keyboard seems to be stuck in Macro mode,https://www.reddit.com/r/techsupport/comments/1pkarul/redragon_magic_wand_mini_pro_keyboard_seems_to_be/,2025-12-11T22:18:07+00:00,d9d3387a511c
techsupport,USB Audio/Video fails on Intel Chipsets,https://www.reddit.com/r/techsupport/comments/1pkaqb6/usb_audiovideo_fails_on_intel_chipsets/,2025-12-11T22:16:19+00:00,f02bb8d7af83
techsupport,Android - occupied memory by unknown process,https://www.reddit.com/r/techsupport/comments/1pkan6s/android_occupied_memory_by_unknown_process/,2025-12-11T22:12:42+00:00,c3c4762212e5
techsupport,recovering lost photos/videos,https://www.reddit.com/r/techsupport/comments/1pkam5b/recovering_lost_photosvideos/,2025-12-11T22:11:31+00:00,176a4e0decdb
techsupport,Deathadder not connecting to ps5,https://www.reddit.com/r/techsupport/comments/1pkam51/deathadder_not_connecting_to_ps5/,2025-12-11T22:11:30+00:00,544b9f87dcb4
techsupport,Pc sttuter,https://www.reddit.com/r/techsupport/comments/1pkajbt/pc_sttuter/,2025-12-11T22:08:21+00:00,f6726a7d2570
techsupport,Computer Conking Out After Battery Replacement.,https://www.reddit.com/r/techsupport/comments/1pkabdl/computer_conking_out_after_battery_replacement/,2025-12-11T21:59:33+00:00,21a99c6548cf
techsupport,"I install windows 11 on laptop and lost wifi, bluetoth and sound",https://www.reddit.com/r/techsupport/comments/1pka53n/i_install_windows_11_on_laptop_and_lost_wifi/,2025-12-11T21:52:35+00:00,c2bf5654ae52
techsupport,"I want to install Windows 11, but is this method safe?",https://www.reddit.com/r/techsupport/comments/1pka0ri/i_want_to_install_windows_11_but_is_this_method/,2025-12-11T21:47:33+00:00,c00b187bac4c
techsupport,(Windows 11) My pc apps turn green when I hover over then it turn my background completely green. What should I do?,https://www.reddit.com/r/techsupport/comments/1pk9r9g/windows_11_my_pc_apps_turn_green_when_i_hover/,2025-12-11T21:36:41+00:00,e1f0d34afd9c
buildapc,"Simple Questions - December 11, 2025",https://www.reddit.com/r/buildapc/comments/1pkbrer/simple_questions_december_11_2025/,2025-12-11T23:00:45+00:00,dce6be13cad6
buildapc,How much does a pc cost?,https://www.reddit.com/r/buildapc/comments/1pkb5es/how_much_does_a_pc_cost/,2025-12-11T22:34:02+00:00,da04d03f0ee6
buildapc,Can't enter BIOS after SSD Install,https://www.reddit.com/r/buildapc/comments/1pkc3gl/cant_enter_bios_after_ssd_install/,2025-12-11T23:15:17+00:00,5ff86d619a60
buildapc,"Primary M2 SSD works great, but not detected by new Mobo; can't make it primary boot drive",https://www.reddit.com/r/buildapc/comments/1pkbx9b/primary_m2_ssd_works_great_but_not_detected_by/,2025-12-11T23:07:49+00:00,5a1601ad2d40
buildapc,Are Different RAM capacity sticks fine for AM5?,https://www.reddit.com/r/buildapc/comments/1pka1f4/are_different_ram_capacity_sticks_fine_for_am5/,2025-12-11T21:48:19+00:00,3e0482b7892b
buildapc,How good is the long term reliability of Western Digital's SN850X 8tb SSD? I've been hearing mixed things on it.,https://www.reddit.com/r/buildapc/comments/1pk8nac/how_good_is_the_long_term_reliability_of_western/,2025-12-11T20:52:24+00:00,34c4ccc9eb25
buildapc,ASROCK Z790 Steel Legend blazing m.2 slot,https://www.reddit.com/r/buildapc/comments/1pk7lej/asrock_z790_steel_legend_blazing_m2_slot/,2025-12-11T20:09:56+00:00,524c15029cb0
techsupport,computer screen freeze every 8-10 seconds,https://www.reddit.com/r/techsupport/comments/1pkbwox/computer_screen_freeze_every_810_seconds/,2025-12-11T23:07:07+00:00,cfbf6a152169
techsupport,Microsoft Edge opens by itself,https://www.reddit.com/r/techsupport/comments/1pkbvf9/microsoft_edge_opens_by_itself/,2025-12-11T23:05:35+00:00,112e721ed38b
techsupport,iphone issue,https://www.reddit.com/r/techsupport/comments/1pkbtm3/iphone_issue/,2025-12-11T23:03:20+00:00,e743c084b68e
techsupport,Am I cooked or overthinking it,https://www.reddit.com/r/techsupport/comments/1pkc4yg/am_i_cooked_or_overthinking_it/,2025-12-11T23:17:02+00:00,646bb2b895aa
techsupport,ASUS P5Q-Pro stuck in power on/off loop after EZ Flash + USB issue ‚Äî BIOS corruption or dead board?,https://www.reddit.com/r/techsupport/comments/1pkc4p6/asus_p5qpro_stuck_in_power_onoff_loop_after_ez/,2025-12-11T23:16:44+00:00,5d05530e59cf
techsupport,Screen Sometimes Flicker After Downloading Work Files,https://www.reddit.com/r/techsupport/comments/1pkc15c/screen_sometimes_flicker_after_downloading_work/,2025-12-11T23:12:28+00:00,888419a3880c
techsupport,At my wits end with crashes - Legion 5 15ARP8,https://www.reddit.com/r/techsupport/comments/1pkc09p/at_my_wits_end_with_crashes_legion_5_15arp8/,2025-12-11T23:11:26+00:00,52d51d6c1d5e
techsupport,DRAM light came on after Windows update,https://www.reddit.com/r/techsupport/comments/1pkbyxu/dram_light_came_on_after_windows_update/,2025-12-11T23:09:51+00:00,03fba76aa0de
techsupport,Laptop Audio Issues,https://www.reddit.com/r/techsupport/comments/1pkbwye/laptop_audio_issues/,2025-12-11T23:07:27+00:00,edb588ebf32a
techsupport,Monitor resolution,https://www.reddit.com/r/techsupport/comments/1pkbvsg/monitor_resolution/,2025-12-11T23:06:02+00:00,c5b9aae2626d
techsupport,Left and right Ctrl keys not responding,https://www.reddit.com/r/techsupport/comments/1pkbuu0/left_and_right_ctrl_keys_not_responding/,2025-12-11T23:04:51+00:00,df115b8761fc
techsupport,headset bluetooth,https://www.reddit.com/r/techsupport/comments/1pkbq48/headset_bluetooth/,2025-12-11T22:59:21+00:00,915eab5d148e
buildapc,Is this a good SSD choice?,https://www.reddit.com/r/buildapc/comments/1pkavi5/is_this_a_good_ssd_choice/,2025-12-11T22:22:22+00:00,d69b9b209591
buildapc,Mid-range gaming laptop build help,https://www.reddit.com/r/buildapc/comments/1pkfnoz/midrange_gaming_laptop_build_help/,2025-12-12T01:59:26+00:00,56e49d48c033
buildapc,"Is $800 a good price for this PC, or could I reasonably build it for cheaper?",https://www.reddit.com/r/buildapc/comments/1pkfi0j/is_800_a_good_price_for_this_pc_or_could_i/,2025-12-12T01:51:55+00:00,022aa6ad8b46
buildapc,Please let me know if this is a good part list,https://www.reddit.com/r/buildapc/comments/1pke7zk/please_let_me_know_if_this_is_a_good_part_list/,2025-12-12T00:52:07+00:00,b28b79bfe28e
buildapc,keyboard gift advice for a gamer,https://www.reddit.com/r/buildapc/comments/1pkfwgz/keyboard_gift_advice_for_a_gamer/,2025-12-12T02:10:44+00:00,7c129657c6a4
buildapc,What was your most cursed setup you used for more than a year?,https://www.reddit.com/r/buildapc/comments/1pkfsnv/what_was_your_most_cursed_setup_you_used_for_more/,2025-12-12T02:05:50+00:00,ff7172af875a
buildapc,Wondering if it's worth upgrading only my GPU?,https://www.reddit.com/r/buildapc/comments/1pkfs2t/wondering_if_its_worth_upgrading_only_my_gpu/,2025-12-12T02:05:10+00:00,872f276cc157
buildapc,Which build should I go with? Any help is appreciated.,https://www.reddit.com/r/buildapc/comments/1pkfpz1/which_build_should_i_go_with_any_help_is/,2025-12-12T02:02:23+00:00,b50cabc89774
techsupport,Nebula Capsule 3 Laser won‚Äôt charge even after battery replacement ‚Äî meter shows 5V 0.004A. BMS issue? PD issue? Need advice.,https://www.reddit.com/r/techsupport/comments/1pkdhbp/nebula_capsule_3_laser_wont_charge_even_after/,2025-12-12T00:18:04+00:00,75ea6570a2cb
techsupport,WINDOWS 11 KB5072033 CAUSING BSOD POWER STATE,https://www.reddit.com/r/techsupport/comments/1pkd97w/windows_11_kb5072033_causing_bsod_power_state/,2025-12-12T00:07:48+00:00,663f2b2158e2
techsupport,Working with an AVI file,https://www.reddit.com/r/techsupport/comments/1pkfz6q/working_with_an_avi_file/,2025-12-12T02:14:15+00:00,c81218dfe104
techsupport,Microsoft word ‚Äútrack changes‚Äù function.,https://www.reddit.com/r/techsupport/comments/1pkfwfq/microsoft_word_track_changes_function/,2025-12-12T02:10:41+00:00,7719f3a500ea
techsupport,PC RANDOMLY TURNED ON AND BAD GPU PERFORMANCE,https://www.reddit.com/r/techsupport/comments/1pkfu9v/pc_randomly_turned_on_and_bad_gpu_performance/,2025-12-12T02:07:50+00:00,c61a02de42b9
techsupport,windows 11 computer randomly goes black,https://www.reddit.com/r/techsupport/comments/1pkft8h/windows_11_computer_randomly_goes_black/,2025-12-12T02:06:30+00:00,3b9652cf3a81
techsupport,Screen flashing a checkerboard pattern when playing certain games,https://www.reddit.com/r/techsupport/comments/1pkfs58/screen_flashing_a_checkerboard_pattern_when/,2025-12-12T02:05:14+00:00,c0ac7062580a
techsupport,Any way to disable copying when dragging file from browser downloads to secondary storage?,https://www.reddit.com/r/techsupport/comments/1pkfn11/any_way_to_disable_copying_when_dragging_file/,2025-12-12T01:58:30+00:00,1b453ceb35d4
techsupport,Flash drive showing more videos on another tv.,https://www.reddit.com/r/techsupport/comments/1pkfm3z/flash_drive_showing_more_videos_on_another_tv/,2025-12-12T01:57:17+00:00,b7e682078e40
techsupport,Devices won't connect to wifi,https://www.reddit.com/r/techsupport/comments/1pkflfz/devices_wont_connect_to_wifi/,2025-12-12T01:56:20+00:00,a2083c55b4de
techsupport,My minecraft is stuck at 10-15 FPS HELP,https://www.reddit.com/r/techsupport/comments/1pkfjoe/my_minecraft_is_stuck_at_1015_fps_help/,2025-12-12T01:53:59+00:00,2930db7e4450
techsupport,Razer blade 18,https://www.reddit.com/r/techsupport/comments/1pkfhto/razer_blade_18/,2025-12-12T01:51:42+00:00,26ec209174ac
techsupport,Pc Shutting off?,https://www.reddit.com/r/techsupport/comments/1pkfhnb/pc_shutting_off/,2025-12-12T01:51:29+00:00,ef9034c52859
techsupport,unable to download after drive RAW,https://www.reddit.com/r/techsupport/comments/1pkfe31/unable_to_download_after_drive_raw/,2025-12-12T01:46:44+00:00,5e65c1375fd1
techsupport,You don't have permission to save in this location,https://www.reddit.com/r/techsupport/comments/1pkfcq1/you_dont_have_permission_to_save_in_this_location/,2025-12-12T01:44:54+00:00,fd34ce59d7e3
buildapc,Looking to upgrade my 1070,https://www.reddit.com/r/buildapc/comments/1pkhlx7/looking_to_upgrade_my_1070/,2025-12-12T03:31:05+00:00,63de8d27c4cc
buildapc,"PC shows no signal and keeps ""restarting""",https://www.reddit.com/r/buildapc/comments/1pkg58b/pc_shows_no_signal_and_keeps_restarting/,2025-12-12T02:21:47+00:00,677d93af4789
buildapc,Motherboard Recommendation for i7-14700F ?,https://www.reddit.com/r/buildapc/comments/1pkff15/motherboard_recommendation_for_i714700f/,2025-12-12T01:48:00+00:00,f0f793bf7ac9
buildapc,The computer disconnects from the internet while downloading from a torrent,https://www.reddit.com/r/buildapc/comments/1pki23s/the_computer_disconnects_from_the_internet_while/,2025-12-12T03:52:49+00:00,627862989f35
buildapc,How bad of a idear is piggy backing fans,https://www.reddit.com/r/buildapc/comments/1pki1h1/how_bad_of_a_idear_is_piggy_backing_fans/,2025-12-12T03:51:58+00:00,69c618f88f0f
buildapc,Ryzen 7 9800x3d Or Ryzen 9 9950x3d (Flight Sim),https://www.reddit.com/r/buildapc/comments/1pkhzl3/ryzen_7_9800x3d_or_ryzen_9_9950x3d_flight_sim/,2025-12-12T03:49:39+00:00,bc8020591935
buildapc,Should I build this?,https://www.reddit.com/r/buildapc/comments/1pkhxo3/should_i_build_this/,2025-12-12T03:47:11+00:00,fba98986a9f5
buildapc,Is an upgrade from a 3060ti oc to a 9070xt good?,https://www.reddit.com/r/buildapc/comments/1pkhwo5/is_an_upgrade_from_a_3060ti_oc_to_a_9070xt_good/,2025-12-12T03:45:55+00:00,1c27a08c4818
techsupport,wrong logo for site?,https://www.reddit.com/r/techsupport/comments/1pkgyl0/wrong_logo_for_site/,2025-12-12T03:00:25+00:00,b77519cc223a
techsupport,Defective Juhor memory,https://www.reddit.com/r/techsupport/comments/1pkhstn/defective_juhor_memory/,2025-12-12T03:40:37+00:00,b11774dc2eda
techsupport,My PC won't turn on at all.,https://www.reddit.com/r/techsupport/comments/1pkhso6/my_pc_wont_turn_on_at_all/,2025-12-12T03:40:25+00:00,1d750b8206a6
techsupport,Opera gx broken and redirecting?,https://www.reddit.com/r/techsupport/comments/1pkhc5d/opera_gx_broken_and_redirecting/,2025-12-12T03:18:16+00:00,369f7ad707f0
techsupport,Can‚Äôt get my universal remote to connect to DVD player,https://www.reddit.com/r/techsupport/comments/1pkhafg/cant_get_my_universal_remote_to_connect_to_dvd/,2025-12-12T03:16:01+00:00,648c4f5efd5a
techsupport,"Monitor showing up as Generic monitor (G274QPF E2) on Device Manger, not able to set refresh rate to 144Hz (or 180Hz which is on the box)",https://www.reddit.com/r/techsupport/comments/1pkh5uj/monitor_showing_up_as_generic_monitor_g274qpf_e2/,2025-12-12T03:09:48+00:00,d1c585fb44bd
techsupport,Ipason b550m motherboard bios update help,https://www.reddit.com/r/techsupport/comments/1pkgit6/ipason_b550m_motherboard_bios_update_help/,2025-12-12T02:39:38+00:00,5774db32995a
techsupport,"Sem espa√ßo no disco C, j√° tentei de tudo!!!",https://www.reddit.com/r/techsupport/comments/1pkg9mh/sem_espa√ßo_no_disco_c_j√°_tentei_de_tudo/,2025-12-12T02:27:32+00:00,8109ccb4c452
techsupport,I'm losing my mind (wifi disconnects from pc constantly),https://www.reddit.com/r/techsupport/comments/1pkg5vm/im_losing_my_mind_wifi_disconnects_from_pc/,2025-12-12T02:22:41+00:00,b9a530fc155a
