rank,name,rating,reviews_count,price,url,asin
1,"Late 2020 Apple MacBook Air with Apple M1 Chip (13.3 inch, 8GB RAM, 128GB SSD) Space Gray (Renewed)",4.0,"1,205",$379.00,https://www.amazon.com/dp/B09WQ36NF1,B09WQ36NF1
2,"Dell Chromebook 11 3100 11.6"" Chromebook - 1366 x 768 - Celeron N4020-4 GB RAM - 16 GB Flash Memory - Chrome OS - Intel HD Graphics - English (US) Keyboard - Bluetooth (Renewed)",4.1,"1,850",$65.00,https://www.amazon.com/dp/B08SHN3TZP,B08SHN3TZP
3,"Apple 2020 MacBook Pro with 2.0GHz Intel Core i5, 13-inch, 16GB RAM, 512GB SSD Storage - Space Gray (Renewed)",3.9,"1,724",$399.00,https://www.amazon.com/dp/B08HHNXW8Y,B08HHNXW8Y
4,"Apple MacBook Air Late 2020 with Apple M1 Chip (13.3 inch, 8GB RAM, 256GB SSD) Space Gray (Renewed)",4.3,"2,864",$397.99,https://www.amazon.com/dp/B08PNQTYV2,B08PNQTYV2
5,"Apple MacBook Air (13-inch Retina display, 1.6GHz dual-core Intel Core i5, 128GB) - Space Gray (Renewed)",3.9,"3,278",$277.00,https://www.amazon.com/dp/B07NPTCNSG,B07NPTCNSG
6,"Dell Latitude 3190 11.6"" HD 2-in-1 Touchscreen Laptop Intel N5030 1.1Ghz 4GB Ram 128GB SSD Windows 11 Professional (Renewed)",4.1,634,$159.99,https://www.amazon.com/dp/B0DNLDKY3S,B0DNLDKY3S
7,"Dell Latitude 5420 14"" FHD Business Laptop Computer, Intel Quad-Core i5-1145G7, 16GB DDR4 RAM, 256GB SSD, Camera, HDMI, Windows 11 Pro (Renewed)",4.0,178,$264.00,https://www.amazon.com/dp/B0F53SQRH4,B0F53SQRH4
8,"Apple 2020 MacBook Air with 1.1GHz Intel Core i3, 13-inch, 8GB RAM, 128GB SSD Storage Space Gray (Renewed)",3.7,"2,916",$279.00,https://www.amazon.com/dp/B09BK21GFW,B09BK21GFW
9,"Apple MacBook Pro 2020 with Apple M1 Chip (13-inch, 8GB RAM, 256GB SSD Storage) Space Gray (Renewed)",4.3,"2,073",$455.00,https://www.amazon.com/dp/B08PPZMDPK,B08PPZMDPK
10,"Dell Latitude 5400 Laptop FHD Touchscreen, Intel Core I5-8365U 8th Gen Processor, 32GB Ram, 1TB SSD, Webcam, Type C, HDMI Windows 11 Pro (Renewed)",4.1,584,$325.89,https://www.amazon.com/dp/B0FGG5BJMQ,B0FGG5BJMQ
11,"Dell Latitude 3190 Intel Celeron N4100 X4 2.4GHz 4GB 64GB 11.6in Windows 11 Pro, Black (Renewed)",4.2,145,$69.90,https://www.amazon.com/dp/B0FN134DVB,B0FN134DVB
12,"Apple 2019 MacBook Air with 1.6GHz Intel Core i5, 13-inch, 8GB RAM, 128GB SSD Storage, Gold (Renewed)",3.9,"2,696",$321.00,https://www.amazon.com/dp/B0815627ZC,B0815627ZC
13,"HP Chromebook 11A G8 Education Edition AMD A4-9120C 4GB DDR4-1866 SDRAM, 32GB eMMC 11.6-inch WLED HD Webcam Chrome OS (Renewed)",4.1,"1,125",$58.91,https://www.amazon.com/dp/B08NHSPCR6,B08NHSPCR6
14,"Lenovo 11.6"" 300e Chromebook Touchscreen LCD 2 in 1- MediaTek M8173C Quad-core 2.1GHz 4GB LPDDR3 32GB Flash Memory Chrome OS Model 81H00000US (Renewed)",4.0,"3,273",$56.86,https://www.amazon.com/dp/B07RJZMC49,B07RJZMC49
15,"Apple MacBook Pro 2021 with Apple M1 Pro chip (14-inch, 16GB RAM, 512GB SSD) - Space Gray (Renewed)",4.2,"1,001",$695.00,https://www.amazon.com/dp/B09PGSZDHH,B09PGSZDHH
16,"Apple 2022 MacBook Air with Apple M2 Chip, 13-inch, 8GB RAM, 256GB SSD Storage, Midnight (Renewed)",4.3,"1,717",$622.50,https://www.amazon.com/dp/B0BHC15G32,B0BHC15G32
17,"Dell Latitude 7420 FHD Laptop Notebook with Intel Core i7 11th Gen Processor (16GB Ram, 512GB SSD, WiFi, Bluetooth) Windows 11 Pro - Carbon Fiber (Renewed)",4.1,303,$339.90,https://www.amazon.com/dp/B09WXZV2T2,B09WXZV2T2
18,"Apple Macbook Air 2017 with 1.8GHz Intel Core i5 (13-inch, 8GB RAM, 128GB SSD Storage) (QWERTY English) Silver (Renewed)",3.9,"2,359",$179.00,https://www.amazon.com/dp/B0751N2Y78,B0751N2Y78
19,Samsung Chromebook 4 Chrome OS 11.6-inch HD Intel Celeron Processor N4000 4GB RAM 32GB eMMC Gigabit Wi-Fi - XE310XBA-K01US (Renewed),4.2,"2,481",$67.28,https://www.amazon.com/dp/B0888FPFGK,B0888FPFGK
20,"Lenovo 100E Chromebook 2ND Gen 81QB000AUS Laptop Computer, 11.6"" HD (1366 X 768) Display, MediaTek MT8173C Processor, 4GB RAM, 16GB eMMC TLC SSD, Powervr GX6250, Chrome OS, Black (Renewed)",4.0,778,$51.98,https://www.amazon.com/dp/B07Z36FP7L,B07Z36FP7L
21,"Apple MacBook Air 2020 13.3-inch (Apple M1 Chip, 8GB RAM, 128GB SSD Storage) - Space Gray (Renewed Premium)",4.6,122,$429.00,https://www.amazon.com/dp/B0D93FWYW3,B0D93FWYW3
22,"New Apple MacBook Pro (13-inch, 8GB RAM, 256GB Storage) - Space Gray (Renewed)",3.8,"2,328",$329.00,https://www.amazon.com/dp/B08376JQLJ,B08376JQLJ
23,"HP Chromebook 14A G5 Laptop 14"" HD 1366 x 768 AMD A4-9120C Processor AMD Radeon R4 Graphics 4GB DDR4 RAM 32GB eMMC 1.6 GHz Chrome OS Wi-Fi Bluetooth Natural Silver (Renewed)",3.9,197,$64.99,https://www.amazon.com/dp/B0CBD827W3,B0CBD827W3
24,"Apple MacBook Pro Late 2021 with Apple M1 Pro chip (16-inch, 16GB RAM, 512GB SSD) Space Gray (Renewed)",4.1,883,$779.00,https://www.amazon.com/dp/B09P43P66P,B09P43P66P
25,Apple MacBook Pro 13.3in Retina Laptop Intel i5 Dual Core 2.6GHz 8GB 128GB SSD - MGX72LL/A (Renewed),3.6,"2,859",$199.00,https://www.amazon.com/dp/B07G29RCBD,B07G29RCBD
26,Dell 2021 Latitude 3120 Touchscreen 2-in-1 11.6-inch - Intel Pentium - Pentium-N6000 - Quad Core 1.1303 Ghz - 256GB SSD - 8GB RAM - 1366x768 HD - Windows 11 Pro (Renewed),3.8,721,$139.99,https://www.amazon.com/dp/B0FRB4MN5Y,B0FRB4MN5Y
27,"HP Stream 14"" HD BrightView Laptop, Intel Celeron N4120 Processor, 16GB RAM, 64GB SSD, Intel UHD Graphics, 720p Webcam, WiFi, HDMI, Win 11 S, White (Renewed)",4.2,328,$199.00,https://www.amazon.com/dp/B0D9QJ7XGP,B0D9QJ7XGP
28,"Microsoft Surface Laptop 3 13.5"", Intel Core i7-1065G7 256GB SSD 16GB RAM 2K+ Multi-Touch (2496X1664) Display Windows 11 PRO (Renewed)",4.2,104,$299.99,https://www.amazon.com/dp/B0F9LLJRFK,B0F9LLJRFK
29,"Dell Latitude 5400 14 inches 8th Gen Core i7-8665U 16GB RAM 512GB PCIe SSD FHD 1080P, FPR, Backlit Keyboard (Renewed)",4.0,259,$268.98,https://www.amazon.com/dp/B07X4JXD24,B07X4JXD24
30,"Apple 15.4in MacBook Pro Laptop (Retina, Touch Bar, 2.2GHz 6-Core Intel Core i7, 16GB RAM, 256GB SSD Storage) Space Gray (MR932LL/A) (2018 Model) (Renewed)",3.8,"1,524",$319.00,https://www.amazon.com/dp/B07JBLRT2L,B07JBLRT2L
31,"HP 14"" HD Laptop, Windows 11, Intel Celeron Dual-Core Processor Up to 2.60GHz, 4GB RAM, 64GB SSD, Webcam, Dale Blue (Renewed)",4.2,"2,031",$173.99,https://www.amazon.com/dp/B09VZR2BGN,B09VZR2BGN
32,"Apple 2025 MacBook Air with Apple M4 Chip 13-inch, 16GB Unified Memory, 256GB SSD Storage Midnight (Renewed)",4.7,49,$749.99,https://www.amazon.com/dp/B0F4ZT9YKQ,B0F4ZT9YKQ
33,"HP 14"" HD Laptop, Windows 11, Intel Celeron Dual-Core Processor Up to 2.60GHz, 4GB RAM, 64GB SSD, Webcam, Dale Pink (Renewed)",4.3,"2,859",$176.98,https://www.amazon.com/dp/B09VRX9YVW,B09VRX9YVW
34,"Dell 5420 Latitude Laptop 14"" FHD (1920x1080) Notebook, 11th Gen Intel Core i7-1185G7, 16GB RAM, 512MB M.2-NVMe, Thunderbolt, HDMI, Type-C, Webcam, Windows 11 Pro (Renewed)",4.0,128,$329.99,https://www.amazon.com/dp/B0B783JD9H,B0B783JD9H
35,"Dell Chromebook 11 3100 11.6"" Touchscreen 2 in 1 Chromebook - HD - 1366 x 768 - Intel Celeron N4020 Dual-Core (2 Core) - 4 GB RAM - 32 GB Flash Memory (Renewed)",4.2,606,$74.99,https://www.amazon.com/dp/B0BK2Z5QGC,B0BK2Z5QGC
36,"Apple MacBook Pro Late 2019 with 2.6GHz Intel Core i7 (16 inch, 16GB RAM, 512GB) Space Gray (Renewed)",3.9,"1,430",$419.00,https://www.amazon.com/dp/B082P8N4KJ,B082P8N4KJ
37,"2023 Apple MacBook Air with Apple M2 Chip with 8-Core CPU/10-Core GPU (15-inch, 8GB RAM, 256GB SSD Storage) (QWERTY English) Midnight (Renewed)",4.4,499,$699.00,https://www.amazon.com/dp/B0CC4QCS9T,B0CC4QCS9T
38,"Acer 315 15.6"" Chromebook Intel Celeron N4500 1.1GHz 4GB RAM 64GB Flash Chrome OS (Renewed)",4.5,796,$125.59,https://www.amazon.com/dp/B0CQMJPDVL,B0CQMJPDVL
39,"ASUS CX1500CNA Chromebook 15.6"" HD Laptop, Intel Celeron N3350 Processor, 4GB RAM, 64GB eMMC Flash Memory, Intel HD Graphics, HD Webcam, Stereo Speakers, Chrome OS, Black, (renewed)",4.2,289,$109.99,https://www.amazon.com/dp/B0C7NNDG21,B0C7NNDG21
40,"ASUS Lightweight 15.5"" Full HD Laptop, Windows 11 Home OS, Intel Celeron Processor Up to 2.76GHz, 4GB LPDDR4, 128GB SSD, Backlit Keyboard, Star Black (Renewed)",4.1,619,$193.99,https://www.amazon.com/dp/B0D6PHQVSV,B0D6PHQVSV
41,"HP Portable 13.8"" HD IPS Laptop, Intel Celeron N Processor Up to 2.78GHz, 4GB DDR4, 64GB SSD, HDMI, RJ45, Webcam, Bluetooth, Windows 11, Pastel Pink(Renewed)",4.3,273,$178.48,https://www.amazon.com/dp/B0CS1D8B1R,B0CS1D8B1R
42,"Lenovo 500e Chromebook 2nd Gen 81MC001EUS 11.6"" Touchscreen 2 in 1 Chromebook - HD - 1366 x 768 - Intel Celeron N4120 Quad-core (4 Core) 1.10 GHz - 4 GB RAM - 32 GB Flash Memory - Black (Renewed)",4.5,45,$57.29,https://www.amazon.com/dp/B09BP4LKY4,B09BP4LKY4
43,"Apple 2017 MacBook Pro with 2.3GHz Intel Core i5, 13-inch, 8GB RAM, 128 SSD Storage - Space Gray (Renewed)",3.6,"3,417",$229.00,https://www.amazon.com/dp/B078GX9R5W,B078GX9R5W
44,"Lenovo Thinkpad T14 (Gen 1) 14"" Laptop, i5 10310U 1.7Ghz, 16GB DDR4, 512GB NVMe SSD, 1080p Full HD, Thunderbolt 3, HDMI, Webcam, Windows 11 Pro (Renewed)",4.1,291,$323.99,https://www.amazon.com/dp/B0BDGB49KW,B0BDGB49KW
45,"Apple 2020 MacBook Pro with 2.3 GHz Intel Core i7 (13-inch, 16GB RAM, 512GB SSD) Space Gray (Renewed)",4.1,314,$399.00,https://www.amazon.com/dp/B0B446WBYQ,B0B446WBYQ
46,"2022 Apple MacBook Pro with Apple M2 chip (13-inch, 8GB RAM, 256GB SSD Storage) (QWERTY English) Space Gray (Renewed)",4.4,419,$669.00,https://www.amazon.com/dp/B0BGQJ7LDN,B0BGQJ7LDN
47,"Lenovo 100e 81ER000BUS 11.6"" HD Chromebook, Intel Dual-Core Celeron N3350 1.1 GHz up to 2.4 GHz, 4GB RAM, 16GB SSD, Bluetooth, USB Type C, 802.11ac, Webcam, Chrome OS (Renewed)",3.9,325,$58.29,https://www.amazon.com/dp/B0835RM1L2,B0835RM1L2
48,Microsoft Surface Laptop 4 13.5” Touch-Screen – Intel Core i7-16GB - 256GB SSD Windows 11 PRO (Latest Model) - Matte Black (Renewed),4.3,52,$354.99,https://www.amazon.com/dp/B0FC41FRHX,B0FC41FRHX
49,"Microsoft Surface Pro 8-13"" Touchscreen - Intel® Evo Platform Core™ i7-16GB Memory - 256GB SSD - Device Only - Platinum (Latest Model) (Renewed)",4.5,75,$799.95,https://www.amazon.com/dp/B09Z4DZ3RR,B09Z4DZ3RR
50,"Apple MacBook Pro 15"" Retina Core i7 2.6GHz MLH32LL/A with Touch Bar, 16GB Memory, 256GB Solid State Drive (Renewed)",3.4,537,$299.95,https://www.amazon.com/dp/B078BSQDPK,B078BSQDPK
